0; 454855.6245399545; 495974.8650477481; 534042.1485850913
1; 449100.1445260351; 483281.9077033608; 531447.2807286242
2; 429084.2981729517; 466730.14656955504; 505904.0590759523
3; 416367.22118142684; 451985.8688281401; 494427.2770910361
4; 397910.06667410844; 441508.2877868954; 485839.6402066913
5; 397076.5098012735; 432268.16658241337; 481253.52900876873
6; 388400.2646749835; 421202.59668844985; 466707.0396792976
7; 380740.6998724859; 410649.9539205797; 456180.14734665776
8; 376965.47800062015; 399316.6808854912; 448332.62249047693
9; 365771.31108535023; 389035.41848369385; 420954.6068718065
10; 353013.9721686174; 379114.5832348345; 416131.89867765305
11; 343359.00888955; 370627.43136966054; 408028.6293673653
12; 335782.06284770585; 363212.44382896455; 392716.2252893446
13; 329519.2399459281; 357113.8428089136; 389405.35180100903
14; 329519.2399459281; 351886.8187781022; 393867.16628675634
15; 325715.15885515313; 347733.75514193723; 380624.51779098227
16; 320653.3045504907; 344098.9725512629; 376206.69577855204
17; 321123.42616500135; 339819.65013626986; 374955.1338257793
18; 316488.25303385925; 336654.55112990394; 371162.16069703706
19; 311440.4017730618; 334083.06922203774; 365147.68842743547
20; 310916.61065448634; 330677.7188644389; 362597.62697633565
21; 306631.0686250323; 326712.4361794815; 362502.5987255147
22; 303391.2809621494; 323271.7075922517; 356978.0286208598
23; 289752.55998495076; 319398.14632953645; 346898.8469267186
24; 296209.4134940756; 315365.24022491043; 342816.6156973756
25; 291479.8264971019; 312428.39163202624; 340449.5820829199
26; 288683.95134374656; 309387.7109483034; 337213.0446320396
27; 287100.63202475675; 307103.3961571064; 341972.2642114371
28; 286976.96628967475; 304767.027173914; 333789.34681099246
29; 275868.36836909084; 301516.9914464039; 336341.47702757106
30; 280031.5375332206; 298436.2855312868; 330146.59927327954
31; 275308.4574930766; 291867.10284320806; 323373.11147322494
32; 268272.2196963515; 285196.7934898936; 315609.42497451685
33; 262587.25664906384; 280902.12247938826; 302847.58663406386
34; 262587.25664906384; 276805.39711931994; 298827.40416746103
35; 260140.24759370476; 273398.39513948665; 296166.1886698439
36; 255358.7012031861; 270446.66328461375; 292052.0305831197
37; 254668.7236796688; 268467.9989625203; 288574.5004558517
38; 251372.43902954506; 266876.7122028754; 284342.7472146067
39; 249625.7416566965; 264332.1135640096; 289526.67199973995
40; 243996.34009952116; 262397.5284784396; 289181.51817983505
41; 243996.34009952116; 259539.17438993446; 282847.29886639165
42; 241937.79316662956; 256474.7323134592; 281872.0919336877
43; 237629.6086476428; 251547.32066994676; 275013.5990572025
44; 234840.95860240207; 247426.48972860916; 265885.137501653
45; 231349.8787720063; 245049.81555993797; 265482.7115114208
46; 226149.65192818976; 243373.74824039248; 263552.42520966055
47; 226149.65192818976; 241186.8063447199; 263274.8648678888
48; 224495.00011865565; 237971.23549976991; 261394.2218239217
49; 220516.84563397276; 235557.43014498337; 256719.3202901869
50; 219955.23389120944; 234114.71309541122; 254149.10311385687
51; 219553.68774684367; 231553.66372295856; 252787.9526415756
52; 217611.25692409027; 228437.34797039258; 250566.19747490817
53; 212849.3692003873; 226244.88833425398; 251051.82289285443
54; 211416.51406566738; 224285.25463850188; 240819.3672282403
55; 205430.117180961; 222011.8207834749; 244286.5380931413
56; 205940.5761647136; 218694.3508029838; 236777.458921795
57; 204977.2351998807; 216330.31391708052; 236547.5505433414
58; 200592.0987176675; 214670.38217210985; 234184.42140991124
59; 198607.69788125358; 213113.27147942185; 240030.78874978528
60; 196710.5364078778; 211244.94122648894; 231473.83261577738
61; 195276.05778141806; 208847.61081572348; 229010.11827240535
62; 192599.83049703127; 206439.77494034596; 227380.61912673543
63; 190574.10527175444; 205693.45656546266; 225735.92697771304
64; 192150.04418885423; 204982.58735147532; 230253.1708838225
65; 191640.05668115115; 204209.7401539949; 229451.21159261896
66; 188069.99067182723; 202818.6662482574; 227218.9926257102
67; 187981.59881754025; 201619.45396605512; 223935.58323868387
68; 189016.96295890398; 200690.28623611844; 227816.01172912525
69; 186242.95223181887; 200408.5054594191; 224107.22064344096
70; 185853.130201072; 198323.28612562892; 220844.7658906553
71; 184300.23355596935; 196458.26233704924; 220361.33898745815
72; 183561.7351085935; 194556.80398532658; 217528.22787942408
73; 184436.9860059661; 193287.74916432038; 211484.89747206308
74; 182836.0336447562; 192272.0781555653; 211629.10959326106
75; 180054.06775699262; 192015.77915562197; 208078.5174571504
76; 180024.33326299503; 191717.72517662923; 213574.3506767825
77; 181138.7696883021; 191960.86447283204; 209527.2170466176
78; 181138.7696883021; 191071.4832400303; 210613.83976228067
79; 178585.84379114592; 189611.16622133763; 211109.84235414336
80; 178585.84379114592; 189216.22298328514; 210040.35105315983
81; 178585.84379114592; 188867.32391902243; 206429.1321844289
82; 178270.512516422; 188216.69319234072; 208390.14283583316
83; 175586.6673097182; 187103.6703947862; 207824.33607420637
84; 174698.69556117334; 183610.01688299247; 205043.2173114125
85; 171603.7954128002; 181255.80356806616; 198094.8892880434
86; 169218.047127675; 181359.09228404277; 199164.27401199125
87; 169218.047127675; 180220.20860762816; 201001.79863198297
88; 166409.2061668139; 179620.07156968454; 198084.6745445238
89; 166409.2061668139; 178104.1835232931; 199173.07202002843
90; 166409.2061668139; 177191.3798032977; 197110.85000117292
91; 166619.20460045084; 176192.1469550778; 195314.5447999549
92; 165596.899284499; 175740.909390864; 194760.92201284482
93; 162953.2835586776; 175706.68087153064; 197523.82100329924
94; 162953.2835586776; 174906.18146918152; 198531.9499207722
95; 162751.33891027325; 174317.19706623917; 193961.1310235865
96; 162542.19742991327; 172849.33337554696; 193479.54875123347
97; 162366.75324360013; 170157.1199241755; 189179.28252654982
98; 161262.61285383935; 165980.5859392216; 184990.60485781185
99; 160896.8776678169; 164799.92623041625; 177818.9162599487
100; 159036.99356762975; 164608.76226296203; 178633.04505837147
101; 158095.0939111921; 164088.54356100416; 176480.18725614625
102; 155587.26879479137; 163910.2831780129; 177567.97686477922
103; 155587.26879479137; 163896.467992121; 177683.80593237217
104; 155587.26879479137; 163569.36585698326; 175157.0334343759
105; 154225.58565037156; 162841.30454264322; 178950.18103716153
106; 153216.00580384216; 160604.90595238417; 176700.27544416438
107; 152022.77602850043; 158670.55543381447; 170313.4079655511
108; 151957.33219662288; 157853.80134330405; 168683.10880076973
109; 149889.03797974178; 157507.0128641273; 170128.22275005636
110; 149854.97194502215; 156590.94143875592; 168865.93713164885
111; 146851.2502083613; 155966.9624919769; 169901.12737578576
112; 146553.26958065078; 155457.4657915348; 168473.5365438794
113; 146459.51721259815; 155145.83062716687; 170556.41602840187
114; 145509.27638402756; 153961.3928803728; 172624.56553932247
115; 143207.92632626614; 151950.9189284308; 166850.46483084752
116; 143207.92632626614; 150504.71131587928; 165522.42891810124
117; 142633.27030547804; 149931.7467864121; 164803.48304471132
118; 142214.93465317113; 149534.89209036707; 165263.48263060348
119; 140618.9445307483; 148984.79465298308; 162203.46479067233
120; 141378.70146184778; 148100.16339661562; 160840.92546218476
121; 138880.29951185497; 147915.78546835604; 161116.93392978952
122; 138880.29951185497; 147197.49747238972; 163861.99768118738
123; 137975.23897025673; 146812.9764683911; 160651.34158228262
124; 137975.23897025673; 146350.80946552017; 162068.2622459753
125; 137975.23897025673; 146217.24178235643; 160746.2836326412
126; 137975.23897025673; 145888.87441639107; 161495.6078414719
127; 136279.99072295212; 144822.18760033287; 158949.15226825373
128; 135750.78678624303; 143931.16447130012; 157564.35472082742
129; 134960.9892049159; 142263.63598772092; 158160.27046783114
130; 134456.30080597915; 140823.003927428; 154917.66630987424
131; 133435.01555874432; 140466.4554849989; 155367.39355876783
132; 133264.51449188296; 140765.8222107922; 157907.76645160813
133; 132437.71105706863; 140047.76460005142; 154670.2943130323
134; 132437.71105706863; 139707.66394990226; 158211.68754620294
135; 131854.95708571415; 139719.5230934202; 154992.85725204053
136; 131854.95708571415; 139578.7725482984; 154062.7872517197
137; 130025.71453097052; 139007.1343875376; 156771.3000820447
138; 129724.2458104528; 138619.65605863888; 154182.9899496601
139; 129816.92816555944; 137870.65452626967; 153544.3686253692
140; 128166.88499662324; 136650.46360475247; 151344.11201397367
141; 129036.93159119177; 136058.82815106233; 151717.9003047857
142; 128287.7893512013; 135716.64114075212; 149095.12019310176
143; 128660.76743564713; 135418.09144260082; 151792.51056834034
144; 127569.57449495427; 134744.99756414953; 150911.58212690556
145; 127569.57449495427; 134396.53996678354; 148362.2952528643
146; 126993.24494182784; 134433.36758838836; 149011.0949519975
147; 125949.41961246236; 133996.38444874345; 148833.99029072816
148; 124885.11264260326; 133260.3698566791; 149669.62018430384
149; 124727.3567807109; 132826.01504580036; 147606.5553495911
150; 124885.11264260326; 132233.7970074185; 148806.07078783092
151; 124830.3383360972; 130978.28341808416; 145732.7318691533
152; 123432.94602562935; 129770.66443256446; 145409.7980574465
153; 123432.94602562935; 128596.61224890586; 142784.38222445518
154; 123432.94602562935; 127991.99318760319; 138308.61619545257
155; 121833.07716913438; 127861.75389370312; 140260.10149111552
156; 121833.07716913438; 127611.61196659299; 140135.9711788664
157; 121285.10946922227; 126709.92830434322; 139170.67872718247
158; 121721.66841358945; 126112.4245255479; 141702.25451938482
159; 119899.78744700496; 125798.36337240694; 142429.63131115667
160; 119363.8449195696; 125745.16951370714; 139551.19246271838
161; 118350.3305189025; 125114.81561554948; 137274.45993695146
162; 117208.52271743405; 124455.9167939188; 135470.05677345564
163; 118350.3305189025; 124456.71640754158; 137098.71425334347
164; 116858.94335111647; 123742.16147355046; 138595.16305509495
165; 116726.42753397816; 122279.53420229796; 136281.85802049126
166; 116726.42753397816; 120766.67239351547; 136027.36936452892
167; 115156.0223901258; 120103.05361709604; 132672.44558952667
168; 113748.70001817301; 119871.6781680734; 130759.43121606242
169; 113748.70001817301; 119893.69434043794; 132252.18065510856
170; 113497.75009945352; 119593.84168447425; 130499.53651540117
171; 112640.75190344545; 119094.8901183137; 129593.60493217298
172; 110354.93988889862; 118179.76287729353; 133854.31557197886
173; 110458.26443283075; 116882.57492561052; 128308.23803373196
174; 110372.32393423856; 115410.51692811998; 127062.43033170876
175; 108114.66654429474; 114516.58054538576; 125975.17139674108
176; 107656.96044563377; 113836.90644210736; 127725.87143308263
177; 107079.90353253091; 112703.0322416262; 126933.92674097285
178; 106527.69046037909; 110928.44787124022; 122372.41781842062
179; 105283.05290507386; 109917.68139609645; 121554.19318483611
180; 104863.92076194403; 109264.1726232; 121489.379794923
181; 103907.90776369457; 108852.70625157008; 119020.81850749487
182; 103748.45319821943; 108558.05438520908; 117858.0849704283
183; 103458.68512077836; 108170.98386778883; 118935.29641584185
184; 102683.55484043954; 107471.46967665503; 119664.39743227838
185; 102236.18772190854; 107065.67909532624; 120789.44546618203
186; 102134.12047715193; 106395.91281717358; 117605.50365144927
187; 101888.43580510096; 105627.04744392355; 115609.13488257326
188; 101518.85062321936; 104900.64077908306; 115583.86743214511
189; 101081.55209687147; 104948.85839122576; 116601.67324671503
190; 100029.80991887047; 104383.58563655528; 114905.09686317999
191; 100055.30072949824; 104062.26860618772; 115997.49536074566
192; 99196.78117483306; 104042.71829324983; 114489.42769876294
193; 97829.76488445824; 103729.24107932053; 115240.26991574228
194; 97545.64797392295; 102835.41126047961; 114429.05874965822
195; 97450.84384206394; 101096.04655527476; 110353.24091903708
196; 95956.07692892928; 99781.04915246334; 109969.63494039947
197; 95240.93794251971; 98947.16347143488; 110206.63845850212
198; 93723.13152116394; 98396.90897805887; 109041.37914421955
199; 92682.3774260292; 97497.05606727069; 109758.52843616034
200; 92106.81736391564; 96359.53274299888; 107080.84965603257
201; 91806.26926185946; 95594.26201373224; 105536.76295583096
202; 90777.91343500558; 94777.5019640959; 104534.98394300012
203; 90538.98980059286; 94472.88323864187; 106715.3967578466
204; 89710.97758730302; 94344.64911211803; 104778.2614014731
205; 88739.38071148234; 94023.65627395936; 104049.9186469856
206; 88356.05881789532; 93451.53064194076; 104813.19545668492
207; 88166.9427249623; 92783.30129247149; 103750.28621999036
208; 87853.27106967533; 91828.10440049025; 102626.86372784204
209; 87532.8058293859; 90760.41923342897; 101341.92749102345
210; 86391.38815673665; 90630.60961530542; 101463.15107514251
211; 85849.34706614875; 90639.13191812603; 100324.07627865773
212; 85486.79644434687; 90342.07610641436; 101198.02231018375
213; 84950.12680048433; 89943.47035834711; 99104.9091720132
214; 84950.12680048433; 89259.92341977006; 98961.25923273247
215; 84711.3687927326; 88518.85219202211; 98313.39439738626
216; 83681.30441292631; 87720.57625461361; 101208.13069141266
217; 83491.44477001135; 87081.7719498129; 99284.90524873331
218; 83295.12581137083; 86312.13972583678; 95823.50533037826
219; 82854.87530327204; 85527.56128894046; 96566.78983844983
220; 82506.6385133291; 84860.31126244196; 95042.31284838087
221; 81908.95168349557; 84722.94688151256; 95599.94568978065
222; 81449.34980263253; 84681.35880745908; 94886.68937197923
223; 81061.2321778976; 84278.38437802647; 94089.7703800523
224; 80710.90097780961; 83643.29871567256; 93084.35237455765
225; 80202.94329456227; 82885.71375901283; 93023.08787332514
226; 80077.1572893929; 82034.8000941119; 94779.04980144266
227; 78492.67610440377; 81551.98236217652; 91991.59904814506
228; 78435.69105674577; 81094.18432126434; 91139.55101064283
229; 77210.56204741617; 80718.75305311092; 91442.32087697403
230; 77173.07740847062; 79921.0990642578; 89852.96560441743
231; 76465.3491560229; 78986.11400627506; 88606.14058938492
232; 76365.96459443764; 78334.24073435988; 88854.09708394941
233; 76150.83062838766; 77941.02569207683; 87340.88667387086
234; 75595.20284835294; 78168.72736647727; 88648.91519292131
235; 75492.97805521448; 78360.62855319362; 91580.21443700463
236; 74716.50025043939; 78442.71406124206; 88116.84828436152
237; 74789.70087470331; 78373.38929255822; 91422.29966554444
238; 74274.50675005892; 78000.21694926888; 89033.17078193143
239; 73957.7039168671; 77515.4160742978; 90571.34532312075
240; 73931.83866689976; 77311.72081272968; 89680.21744562528
241; 73044.23445924903; 76745.66302867403; 87560.44090692732
242; 72671.21007318865; 76325.28530983275; 87924.0895443163
243; 72251.894802406; 75423.18809282254; 85161.98159249173
244; 70793.57818956283; 74978.19584844663; 86500.21643465398
245; 70019.51486252676; 74178.11886717209; 85154.50667637117
246; 69643.48737166359; 73148.64082955068; 82463.47938225072
247; 69333.26128304432; 71931.45144791908; 81582.09132394748
248; 69177.51136778509; 71123.44206123993; 81243.87725208579
249; 68665.712460118; 70743.91150558631; 80472.36316306744
250; 68240.24406611611; 70111.10921914829; 79480.27135629451
251; 68062.54950766952; 69908.38641021424; 80528.31550049587
252; 67945.77130563697; 70022.03578375564; 80038.52929057629
253; 67521.02265036944; 69916.65470083062; 80776.91606352087
254; 66817.62572230148; 70129.87389318211; 79716.26877115364
255; 66391.57357972625; 69786.7541154151; 80958.34571253021
256; 65957.10869475898; 68353.87370221109; 79575.0234343899
257; 65238.57378530615; 67834.35442402055; 78716.52421538348
258; 64971.41473640553; 67524.10980718103; 77610.70107622271
259; 64454.93602145883; 67459.9022623178; 78892.31051963888
260; 64137.18210264625; 67294.94735273656; 78213.5103971229
261; 63376.63336883712; 66931.30006470831; 78930.40457029876
262; 63376.63336883712; 66024.10413808006; 76163.65640428111
263; 63130.02731213967; 65896.07829909425; 75511.85695840215
264; 63068.81079792889; 65559.17793464102; 76628.55159655947
265; 62807.844852173635; 65414.35027304847; 76141.4805255829
266; 62375.41561851032; 65133.276147984325; 75710.32279682448
267; 62191.99916680563; 64798.64754950434; 75942.47196647193
268; 61924.60075215384; 64212.87927135069; 76586.8481977589
269; 61539.19827035087; 63554.060865042884; 76276.97425796081
270; 61199.08917865841; 63205.27814771718; 75247.67339184649
271; 61082.378190205185; 63197.79117623081; 73587.3665336523
272; 60712.44654758442; 63448.713149371804; 73322.50409808928
273; 60747.17013861073; 63554.11027093193; 74348.8485164982
274; 60452.97153135434; 63623.03471676274; 75034.70547983595
275; 59914.94410209083; 63525.39384700546; 76823.07940812269
276; 59836.78703860706; 63107.320571534576; 73646.68546268519
277; 59562.75919553026; 62079.94910844203; 72717.2093473598
278; 59083.35868791888; 61590.15315618717; 72678.79163287985
279; 58854.72121251174; 61073.057527890356; 71256.5922661324
280; 58391.89714738817; 60921.517209370155; 71173.97947475825
281; 58106.32930763795; 60508.14722729815; 71151.42532040185
282; 58009.8311112691; 60357.006784824116; 70228.25167378651
283; 57395.33785138927; 60197.91129736369; 69893.56374773095
284; 57283.690055515384; 59882.678082489125; 73106.67768635521
285; 57174.25302849876; 59394.08704888875; 69338.21240779429
286; 56618.18997666413; 59552.28511077634; 69816.35065691762
287; 56357.02790598801; 59513.12906079493; 70078.14503874126
288; 56080.26814453052; 59513.21072038627; 70556.7339178203
289; 55296.717478130086; 58745.497215257164; 68581.6086072226
290; 55253.54220586244; 57560.705994712036; 68018.87077856946
291; 53967.62823736289; 56751.21552334125; 68509.08014061821
292; 53923.51345918821; 56452.42676208013; 67520.06857048806
293; 53580.06457234117; 56761.779891935614; 66019.35366579953
294; 53444.801982093966; 56767.79076924004; 67144.62338417175
295; 53407.65963552108; 56536.809672327625; 68427.32506799487
296; 53231.9974233504; 56067.591586481096; 66607.6267603952
297; 53136.48725819132; 55599.590658527435; 67242.73558355775
298; 52853.561658806924; 55576.15202646559; 66776.96836249315
299; 52908.686482233505; 55619.76495887678; 66848.07793715343
300; 52638.04859504281; 55483.19972774006; 66940.11455401672
301; 52416.32017692522; 55107.22737111249; 66826.93689708278
302; 52320.67061084443; 54968.48058603979; 65540.42594330608
303; 52185.76513191729; 54613.3449268392; 65687.22076615087
304; 51829.311506748156; 54376.22851749759; 64796.9777254072
305; 51915.18182173278; 53926.77685423935; 64215.85512253579
306; 51736.46877618252; 53679.97842812985; 64411.80652232384
307; 51387.93652490548; 53898.79126629105; 64614.82484809798
308; 51044.373421604236; 54057.964745301746; 64826.81986500435
309; 50975.24040533049; 54317.59004281243; 65007.18376928979
310; 50761.68966322146; 53431.460036560384; 63793.017054004275
311; 50658.792259305264; 52782.33110774665; 63599.32250248066
312; 50551.991319023015; 52744.417273744126; 63605.57120718738
313; 49877.36690143177; 52711.7739095574; 62755.180791291226
314; 49877.36690143177; 52665.20675242225; 63322.343165767685
315; 49877.36690143177; 52481.308373801374; 63773.83609219948
316; 49592.69653606074; 52435.991936162165; 62853.105416068436
317; 49498.79226538024; 52441.18504697096; 67181.6960332498
318; 48992.86185224702; 51981.453762227306; 62174.18345756278
319; 48992.86185224702; 51467.15201713392; 62298.06239507105
320; 48947.72234169369; 51262.747660338064; 61816.50347459678
321; 48760.991450807924; 50923.46160037725; 61517.97565827851
322; 48185.36281921936; 50515.26821133011; 62982.40483664059
323; 48185.36281921936; 50006.49550611547; 60635.76448556784
324; 48026.03090036393; 50073.35983645873; 60830.40590774865
325; 47804.59727574827; 49891.408899712376; 60295.48580608542
326; 47609.74411628043; 49985.3830364088; 60426.11512787688
327; 47356.31002240049; 49547.96881161255; 60794.19649168191
328; 47114.487701486825; 49375.159358938385; 59762.851263047516
329; 46897.48608502092; 49003.05664076185; 60132.87502777166
330; 46676.59537096352; 48696.06682023117; 58447.59584587648
331; 46477.35577150938; 48474.96822373588; 59179.98531405283
332; 46315.2417023515; 48732.55222686083; 62184.542979704114
333; 46264.79636413463; 48720.897122433744; 60662.59491932726
334; 46067.40795658766; 48278.218362462016; 59340.43660863196
335; 45861.276123143514; 47778.29743854062; 59053.773561963324
336; 45588.48600861867; 47224.489776723196; 58064.04024762738
337; 45400.70667667761; 46865.66960829097; 57121.55055350252
338; 45145.26209940534; 46637.03228728966; 56091.2526956428
339; 45001.85219793071; 46349.933803853; 56697.516768237845
340; 44338.91178091186; 46448.78253688131; 56255.54531232029
341; 44270.295932018926; 46375.34409270346; 57228.76125537754
342; 43787.00259368913; 46182.99309337054; 56910.713632574014
343; 43888.00139968256; 45660.45538161236; 57983.48135217753
344; 43857.99086623383; 45473.390810598416; 55533.49803278474
345; 43677.634706297285; 45655.551511000114; 56460.15726190073
346; 43616.57694317309; 45632.21527084445; 56267.066293078526
347; 43521.52545045136; 45569.81330632356; 56025.292819497074
348; 43373.97040811838; 45379.75881623191; 55490.92578843253
349; 43098.67562203941; 45270.135151521; 55384.503670985425
350; 42945.65595867307; 44809.41755047128; 55181.499682492635
351; 42684.119613632996; 44606.53633157079; 56301.35148492359
352; 42765.840509603695; 44251.68648883502; 56044.981196478046
353; 42633.56645825149; 44007.668247558635; 54038.60491186354
354; 41702.812749646; 43912.565198280696; 55185.027107219634
355; 41581.89936196559; 43876.32776593931; 55227.667039957116
356; 41364.7183772266; 43624.72615184462; 54321.920945587095
357; 41324.32029297722; 43169.18381394715; 53429.792897721185
358; 41168.24960757612; 43235.75431522571; 54191.982510419744
359; 40687.68833412009; 43325.42099044938; 53849.6306100957
360; 40311.90802348108; 43313.68021327261; 53930.521237587025
361; 40162.22955664483; 42943.343164211714; 54118.08052412797
362; 40145.10578507419; 42435.75285132319; 53092.19558194039
363; 39917.23366234987; 41930.072708491476; 52766.3851312805
364; 39857.43032279487; 41342.1623484928; 50205.236990701465
365; 39556.995283090204; 40997.72797727655; 52385.957588367826
366; 39446.27442813537; 40920.15234235442; 52267.28516057064
367; 39380.642777102395; 40649.4139815081; 51192.22938210808
368; 39380.642777102395; 40671.28535973451; 51496.27805624814
369; 39190.57550959041; 40674.63507745587; 51305.933237781865
370; 39143.96626100397; 40718.31869518672; 51409.18521096181
371; 38843.19341197353; 40597.45066058866; 52184.29919065795
372; 38501.84881872488; 40420.10638816389; 51296.54072051371
373; 38437.49801203223; 39883.569197135934; 50730.314985942925
374; 38186.99295628693; 39872.21579465242; 49389.042096474506
375; 37547.9622025517; 39601.90092879185; 50067.80197622807
376; 37922.99023495843; 39313.0162178479; 49897.13217589532
377; 37461.81685342024; 39117.17743216797; 49605.84412720193
378; 37431.73179606005; 39163.76278770402; 50186.417273805884
379; 36918.5475861666; 39314.72370828614; 49548.34169889111
380; 36642.497850545915; 38804.981399327575; 49663.358756649206
381; 36500.92835914162; 38197.93214085248; 47741.42064714216
382; 36345.7803275006; 37946.735314850914; 48661.67554299828
383; 36199.3156060878; 37765.96462729757; 49606.11130159128
384; 35887.90108981276; 37840.07389201472; 47474.17164416049
385; 35829.48379985891; 37446.25611265138; 48684.3910848635
386; 35772.49299101647; 37085.57743884219; 47411.59638544151
387; 35700.106675859715; 36774.90402763298; 45344.25668077343
388; 35601.65650752547; 36755.494362159916; 47224.72680102584
389; 35478.67880277857; 36602.54054775788; 44351.12243942052
390; 35305.066466538396; 36642.06845244389; 47454.15609207588
391; 35269.877556269246; 36755.234415507424; 47168.46405949294
392; 35142.064943107245; 36722.414252902054; 47556.69550388956
393; 34957.34033012916; 36652.79802421893; 46850.05118032564
394; 34804.86358064745; 36267.46439449045; 47280.58016035212
395; 34546.01835896101; 36043.32263807468; 46409.97022107572
396; 34373.227894282514; 36069.52754966305; 46858.62928759172
397; 34336.49958421706; 35768.98083513609; 45643.43029875101
398; 34294.46047864108; 35452.33901026507; 46697.305502273506
399; 34135.93376747226; 35185.45807441998; 45784.462594007084
400; 34014.17493799528; 35128.99132872015; 44524.17906749753
401; 33663.18712411294; 35232.93206067153; 46100.68125431804
402; 33529.17845193185; 35143.55150891175; 45724.5400320382
403; 33471.85378240742; 34908.501683534436; 45993.51508586342
404; 33318.73057719301; 35191.222158216806; 46609.544007168486
405; 33304.48128112901; 35285.63397994401; 45660.17979841684
406; 33257.29134331231; 34454.828306115356; 45023.15446889598
407; 33161.05576802959; 34290.188747426655; 45028.80252790509
408; 33068.889593017455; 34243.76812299819; 44326.38989811745
409; 32919.57629123053; 34332.63395371014; 44012.50523419325
410; 32919.57629123053; 34416.57006269345; 44766.04481576838
411; 32822.27277233631; 34217.43159711471; 43002.3647571821
412; 32682.662815479533; 34053.0289656073; 43908.43040616874
413; 32622.039371807183; 33890.15348163796; 44275.704930589425
414; 32487.769520826532; 33845.18641297633; 44287.924864498804
415; 32428.47073517676; 33650.96312423385; 43740.86894509919
416; 32372.480513909763; 33638.14788638815; 43982.560107475634
417; 32325.30539853828; 33513.17585966798; 43663.92106825903
418; 31964.46788323269; 33458.4741217579; 43560.33651440121
419; 31857.22629604752; 33619.74091475408; 44452.367676935064
420; 31812.834004012315; 33407.301193431; 44483.94271317365
421; 31764.131759131298; 33175.14615201884; 43084.70772063581
422; 31717.123800347057; 32816.58437911567; 43220.39731451606
423; 31631.69876010279; 32824.54132354749; 42806.93752368395
424; 31596.242332778427; 32772.15753054418; 42682.293117911766
425; 31388.142271580098; 32674.46771843756; 42771.71699850921
426; 31388.142271580098; 32777.33399807819; 42870.44098919503
427; 31277.601052711707; 32791.4225730877; 42822.00878365915
428; 31133.55084291006; 32884.20873739825; 43520.45027186734
429; 31024.348387106606; 32881.91240518088; 43794.801086171705
430; 31000.713680615547; 33094.095853150604; 44446.398024217924
431; 30871.226523082885; 33129.853581774645; 43363.67930230573
432; 30862.101713940152; 33203.20248245964; 43598.530782402966
433; 30840.298860202638; 32596.545626140258; 44214.41144555373
434; 30741.24908246949; 31729.20389944609; 40955.76493981801
435; 30639.83806721505; 31734.67948868236; 43203.39895643225
436; 30344.10105139505; 32120.204074914836; 43398.8489367237
437; 30183.027891601403; 32169.850089657983; 42703.47005990795
438; 30108.94210376792; 32254.596587793632; 43382.51798761823
439; 29985.00495295886; 31839.818656839838; 43560.1720544143
440; 29969.568727806047; 31298.440618947392; 41263.254549789635
441; 29905.54062855875; 31671.10680523077; 42005.48289694227
442; 29833.018098339973; 31642.495045988908; 41745.43051242021
443; 29734.781878021; 31226.401120897284; 41570.137660707835
444; 29640.80257625267; 30783.688097046874; 42007.80050545148
445; 29533.746994780242; 30627.605315350567; 41090.000116823445
446; 29505.88399874264; 30587.62710308878; 41083.35276675757
447; 29176.249977794476; 30456.521791281928; 41282.4903269123
448; 29176.249977794476; 30438.15512947833; 41288.06298109363
449; 28924.04335868427; 30691.415987975324; 41775.30379874057
450; 28879.275623882386; 30833.060351299257; 41380.70363898836
451; 28845.92555605255; 30319.46840836363; 40957.95673301172
452; 28804.42967253668; 29787.27160589175; 38135.02796403405
453; 28528.965193326072; 29790.65008717241; 40281.73372666951
454; 28528.965193326072; 29828.81576800413; 40385.10564025186
455; 28528.965193326072; 29629.85684134239; 38820.02976079786
456; 28602.3884846352; 29697.21722418979; 37771.757690356
457; 28580.59743032797; 29781.3752801169; 40218.51601784118
458; 28524.245874261454; 29557.30535394802; 40049.752994834
459; 28477.956239027353; 29594.9739180907; 40432.421952736535
460; 28354.83541989759; 29602.92555961222; 40220.12592277951
461; 28243.511552467502; 29432.464560380406; 39804.0054771607
462; 28155.688623921415; 29361.813640751105; 40648.74517863119
463; 28116.542160884983; 29266.786271043424; 40074.449508548445
464; 28076.09212501149; 29543.19108748488; 39583.90767897413
465; 28017.304774100372; 29910.313966709116; 40406.964979757264
466; 27962.544792395875; 29178.43594697768; 39867.153680728625
467; 27937.399568250312; 29152.656059076206; 39534.088195020064
468; 27845.20891676709; 29247.424268428967; 41262.80051504458
469; 27762.537151440738; 28857.49746239962; 39611.33610544509
470; 27783.40297881739; 29001.564921637873; 39161.82125786762
471; 27699.841677303673; 28820.64357529741; 36406.71777466815
472; 27607.419119897; 28756.118705067543; 36211.38684913169
473; 27546.5424817107; 28663.15860127146; 36904.05826299606
474; 27520.171528954765; 28572.579501473065; 36811.78589238778
475; 27488.200440265926; 28473.5695488364; 37339.324784150725
476; 27439.167390711205; 28379.699413855196; 36114.95582765891
477; 27378.397324775444; 28271.9864150545; 37535.956499518405
478; 27311.17922870071; 28156.188336852003; 36179.84819393057
479; 27283.90499331473; 28097.541623997113; 35518.988975950895
480; 27223.447734051668; 28162.99187495268; 36585.25456260405
481; 27206.940147846282; 28187.060095925004; 38767.09963829635
482; 27016.644819781617; 28160.403548377923; 36741.71248742542
483; 26961.551810936664; 28388.94284353114; 37727.525114132004
484; 26961.551810936664; 28383.1878614021; 37579.73460401072
485; 26904.086461758016; 28390.338540065382; 38713.9451397697
486; 26880.856240946167; 28311.431412123733; 39111.23237542789
487; 26856.866957857816; 28437.990518486225; 38886.11801267841
488; 26841.774135616663; 27709.866612925147; 38142.51500809066
489; 26596.40047437542; 27669.12759710299; 35712.4110626208
490; 26564.16273425242; 27754.021932757165; 37254.56831947146
491; 26464.186894579758; 28168.245480281978; 39300.503495778394
492; 26421.912258797107; 27673.03755818606; 38326.89752271954
493; 26374.989293985444; 27713.40647378897; 39107.88635691947
494; 26347.802646873883; 27836.26969258444; 38501.494683816556
495; 26307.596185216167; 27574.411998481984; 38622.72015627455
496; 26307.596185216167; 27254.38326279083; 35415.49798737638
497; 26266.213626756387; 27246.935162610236; 36007.23986532263
498; 26212.33061678746; 27249.81029022535; 36943.25495014317
499; 26059.573098933874; 27049.574390010028; 37998.2518635367
500; 26025.852816591054; 26982.877968309796; 34363.317000224444
501; 25935.930385912692; 26907.895627897436; 34934.9307523716
502; 25919.055977817086; 26881.337664062223; 35233.34193950818
503; 25859.667878183976; 26789.200325381953; 35639.02102865354
504; 25762.779472305785; 26732.309103139796; 35103.37013004896
505; 25040.33973355938; 26850.77146284835; 34555.12488027239
506; 25040.33973355938; 26696.528687870225; 36155.384349445725
507; 25004.69779139214; 26404.105005806246; 34886.38321785916
508; 24989.429259153352; 26071.087393634618; 35603.69202641695
509; 24936.191086633204; 26023.51923409697; 35710.50476895724
510; 24840.556736784027; 26013.56327807427; 35774.6887882604
511; 24805.17712528541; 26232.91462883769; 35681.54756110275
512; 24679.891558397998; 26133.920371896835; 35546.63527559494
513; 24720.85882315093; 26013.03657870802; 35337.64232046072
514; 24691.101350838228; 25789.832227453768; 35624.98746812289
515; 24680.035094379477; 25823.4569255319; 37061.91724027452
516; 24643.085759332702; 25743.579821347103; 35137.48705545062
517; 24620.92873084903; 25932.188525777627; 36849.854670139255
518; 24636.416299796143; 26189.59673064217; 35507.44981272465
519; 24606.100402018135; 25907.899594068516; 35585.325960652175
520; 24595.0099010672; 25871.000517431945; 35169.275281912174
521; 24517.5062551386; 25921.76497627296; 36487.57759083726
522; 24437.533273148114; 25750.95321152779; 35766.36571792761
523; 24404.529985332265; 25687.823085128734; 36384.02248046563
524; 24356.696349519178; 25897.938039111097; 37462.032253655714
525; 24275.75039738964; 25651.90359580277; 36464.98585361237
526; 24171.09096084042; 25376.366182628735; 34839.53158242541
527; 24066.76038156154; 25265.30665128064; 36386.127342767555
528; 24044.25540844732; 24901.144490581246; 32738.73691379176
529; 24028.97658785122; 24862.488510715768; 33065.065649150216
530; 23997.505595107912; 24787.40960691554; 33520.8799564078
531; 23944.496115414226; 24799.96388666594; 32810.763052228
532; 23944.496115414226; 24781.741272863765; 32357.94580131146
533; 23852.751527739492; 24852.43730206049; 33387.1223043879
534; 23852.751527739492; 24881.883633795347; 35851.44808133871
535; 23852.751527739492; 24879.64006677343; 34159.1518143352
536; 23838.72001508134; 25144.49202083923; 34721.60812738016
537; 23798.285454987184; 25172.016259759646; 34832.35680862487
538; 23759.46266046673; 24796.415157798197; 34909.554881443466
539; 23745.718957759076; 24823.491136486184; 34290.170347429965
540; 23674.036731037395; 24802.441544228375; 33256.72435714052
541; 23652.054928141963; 24708.729398185314; 34419.41710967322
542; 23503.714391808906; 24659.503842433638; 35681.16111829028
543; 23466.227005674664; 24566.205309909503; 34297.612255809996
544; 23407.599502058518; 24812.695316012105; 34826.06502280095
545; 23389.38137701728; 25000.443982923563; 36876.674928879285
546; 23351.745179569843; 24273.795735656102; 35886.47570437061
547; 23350.941161091996; 24188.33048880136; 32234.297670940632
548; 23323.71775424927; 24140.164800229188; 31347.5577976962
549; 23273.41260951462; 24282.384040121775; 32926.43294161277
550; 23182.310491204084; 24151.1646328477; 32794.141629398466
551; 23177.28063769734; 24112.375674577615; 32449.942573110497
552; 23136.89087046171; 24002.71127698301; 33347.73249031798
553; 22812.69214002559; 23872.70539954454; 31775.111196998452
554; 23097.984646902943; 23923.709992559903; 32850.09885975626
555; 23032.328505128426; 23880.72128850248; 31892.29458068606
556; 23013.629262644357; 23826.621366597912; 32016.10602597466
557; 22984.900524073957; 23850.784763107113; 31642.446437677154
558; 22945.341913707995; 23817.34261147651; 33097.65420811551
559; 22883.788488528; 23832.0186426309; 32889.626985774856
560; 22813.981718394396; 24263.077510150626; 35542.011289625785
561; 22813.981718394396; 24123.037286687144; 35267.76670395246
562; 22813.981718394396; 23853.03028645632; 34887.16294271378
563; 22807.854903202704; 23583.98708921158; 31899.644858432
564; 22782.93572118391; 23599.32924759073; 32959.951648060305
565; 22757.78798834211; 23631.473860338436; 30618.81487678339
566; 22698.312364683617; 23652.26508754701; 31775.1948074598
567; 22674.999062461528; 23570.791766345465; 32108.860135972056
568; 22629.983129427143; 23504.827819081867; 32971.55585670292
569; 22581.983129427143; 23548.72142056785; 32041.981356057735
570; 22541.61018740644; 23524.06374570213; 32267.641211898223
571; 22517.769590562522; 23456.20618303792; 32894.76839386352
572; 22470.760929730997; 23461.625454975852; 32019.78545952062
573; 22406.9113323165; 23418.92956388769; 32404.46666515697
574; 22406.345803271142; 23263.09299295326; 30778.909067675737
575; 22268.860354698118; 23217.20499988918; 30848.448018433057
576; 22257.67155808861; 23395.07673372778; 32934.63289275337
577; 21909.719599895536; 23311.58547558691; 34170.16003720934
578; 21878.89581800493; 23157.815892846647; 31382.21854837697
579; 21878.363302224454; 23044.438928129624; 32271.752799820006
580; 21748.58952733993; 22683.17360467547; 31552.969059898944
581; 21849.124757766876; 22703.268004286394; 30893.283603238073
582; 21835.94907389147; 22726.031693541012; 29037.56175835515
583; 21799.946211869443; 22663.007658819788; 30141.058080155708
584; 21751.396659599297; 22659.75105442051; 30802.00910863869
585; 21715.377048975308; 22651.591329005474; 31056.854660594978
586; 21693.909856059785; 22702.29591297861; 30528.43412812122
587; 21471.08569147825; 22513.394032477067; 35125.70624981928
588; 21471.08569147825; 22467.00263439368; 30546.508550981027
589; 21471.08569147825; 22618.0437571023; 31295.659162973723
590; 21471.08569147825; 22829.53687296086; 30769.04897365249
591; 21441.44493794656; 23045.071975756135; 33860.43611761812
592; 21418.616572513674; 23235.458954701975; 32616.75979775959
593; 21418.616572513674; 23036.61174039384; 33473.276815759746
594; 21441.44493794656; 22839.050505096387; 32998.02356397923
595; 21441.44493794656; 22954.390237445747; 33237.4851185459
596; 21420.115637639195; 23384.105589110393; 33325.89372856571
597; 21418.687617813404; 23679.09788495491; 34068.735476924
598; 21336.58723004964; 22501.371178532903; 32996.61817401504
599; 21313.829909916487; 22157.072254590596; 29844.27338428879
600; 21253.93492723785; 22084.42286032913; 29770.97680249666
601; 21040.904840188516; 22151.95452082611; 31680.237526519973
602; 21013.80048060901; 22163.541691760176; 29875.049498643333
603; 21000.546102629633; 22014.656341672737; 30527.437498682295
604; 20603.591238002293; 21857.404473445207; 30439.580121980573
605; 20580.217369607548; 21852.524944442812; 29797.217094851436
606; 20553.171992859694; 21646.43572528989; 29278.30218975087
607; 20518.47691155767; 21499.93384065504; 29313.301450006344
608; 20492.53100197398; 21394.65762559473; 29317.219212742024
609; 20368.418456344665; 21359.698481119616; 29309.256218162587
610; 20334.622844527603; 21311.574566900657; 29179.253152307072
611; 20308.69222305963; 21209.657759909627; 29757.698128618915
612; 20296.788230213915; 21105.039300757522; 29179.01167331841
613; 20286.8120242725; 21206.47363614953; 31946.92815925086
614; 20268.460734201675; 21245.04164859718; 30110.35283709263
615; 20257.9723496149; 21227.73705134767; 29446.82832564576
616; 20244.483642065028; 21210.803659711284; 29717.980813228995
617; 20218.09484967532; 21158.340052777803; 29664.495655609306
618; 20210.908996116534; 21120.219947927242; 29922.561461828325
619; 19488.42011482396; 21150.171413932305; 29299.363734040326
620; 19418.99991043309; 21007.571786843746; 28875.397872049507
621; 19299.922951360364; 20534.872118503885; 28766.541605455248
622; 19179.990998672645; 20290.038108571378; 28521.164762586097
623; 19169.844065055877; 20287.57564089016; 28174.098902082882
624; 19152.661726710794; 20046.926950512017; 28228.35252422261
625; 19078.718933734162; 20036.88732622324; 28432.75323142419
626; 19078.718933734162; 20061.52679651547; 29557.29237151237
627; 19068.610098026846; 20036.382291633923; 28100.98219302647
628; 19025.528787071245; 20013.008524773693; 27652.721441807113
629; 19017.57736973528; 20028.585820601216; 28648.658095339837
630; 19010.078232431762; 19834.893461311374; 27606.727090450095
631; 19008.892517565448; 19807.27266979002; 29852.853578374088
632; 18990.658254554077; 19842.7813911136; 28273.469486892318
633; 18963.208168771853; 19754.439379495507; 27434.20278499865
634; 18937.842979983274; 19811.101812786404; 31175.147765118774
635; 18937.842979983274; 19785.699446079332; 28428.566352190723
636; 18903.88889856248; 19702.810647479397; 27804.949044818204
637; 18874.120842007436; 19757.851601971284; 27651.91211153415
638; 18663.559414192456; 19899.162894191326; 28072.27936769423
639; 18650.209350795794; 19979.220602540263; 28254.649280511963
640; 18643.817756508277; 19902.378315512764; 27734.41298524558
641; 18424.805578509997; 19621.333320782713; 27825.02860539492
642; 18406.88080913968; 19444.23122789086; 31391.74416053472
643; 18325.348421401086; 19463.07001919159; 28200.865479891345
644; 18272.611546841614; 19184.298340852383; 26480.206733852265
645; 18213.72759343945; 19196.80101596782; 30303.70737992911
646; 18213.018817692144; 19045.502013919857; 26777.73092785557
647; 18191.86093822843; 19027.711788611028; 26989.940399448336
648; 18172.488356396414; 19048.777758072167; 25929.733392743063
649; 18161.973151643142; 19107.75095830486; 26662.242670957527
650; 18088.283481283343; 19084.370256468817; 26710.040338965715
651; 18064.45119149371; 19034.37965181784; 28865.643846518895
652; 18021.62897413498; 18977.40616121163; 26836.44168146083
653; 18004.16614249833; 18836.921463135142; 26604.753614805173
654; 17978.39114530844; 18751.39733136791; 26685.14229642197
655; 17938.428737460676; 18745.38735002187; 26450.221162527465
656; 17914.975996550493; 18721.878028596984; 27073.324041562133
657; 17907.94655929897; 18725.355793735496; 27187.486168403142
658; 17902.975996550493; 18599.387723984462; 25812.136124213615
659; 17886.205319638313; 18566.640692783396; 24437.686475990507
660; 17874.205319638313; 18634.282994417586; 27202.186735647338
661; 17822.57940507266; 18795.318111495457; 27546.77474178614
662; 17792.620027742578; 18769.65481398283; 27350.275804590692
663; 17783.452843472576; 18821.906509477412; 27379.079469522156
664; 17763.171680060874; 18826.962376825635; 27032.946921612685
665; 17753.700687317567; 18840.180386817538; 27498.47370681179
666; 17726.852325290525; 18696.521313476882; 27322.815946609186
667; 17684.892947960445; 18673.429162794917; 28807.430000664288
668; 17665.08956948197; 18596.194974353242; 26958.49095969929
669; 17652.147325939823; 18497.973647059967; 25693.365510546362
670; 17634.67580221535; 18464.340953267183; 25932.838838511812
671; 17618.274611337958; 18358.440240076485; 26164.67705532924
672; 17618.274611337958; 18443.27127607786; 26605.31128104441
673; 17602.262565929894; 18455.618794933114; 26077.85314049645
674; 17590.262565929894; 18309.192882985255; 25336.09567923156
675; 17560.028880464295; 18234.46412506639; 23582.582137018566
676; 17553.829433792944; 18312.60558975788; 22784.069020874744
677; 17548.028880464295; 18319.560684227108; 25980.76795278489
678; 17536.061969995386; 18379.875965723837; 26484.96066388383
679; 17530.92981347371; 18350.393290182794; 27117.81870729079
680; 17518.748525594838; 18279.72689369791; 25910.892782588584
681; 17458.907228716267; 18411.956159865; 27200.34683802507
682; 17435.07497339592; 18470.949390129736; 27120.591535161962
683; 17416.603430892857; 18502.04563569533; 27944.126350395945
684; 17392.38303850405; 18515.17656165902; 27494.26016619945
685; 17390.989238946815; 18504.43345747624; 26891.38498976975
686; 17322.022205744866; 18364.977176606604; 28787.562520438983
687; 17321.41762743951; 18195.21935140229; 26266.883060716078
688; 17304.520956270295; 18172.152063483227; 29009.661986458672
689; 17298.806343266682; 18145.806342777654; 27169.084475569212
690; 17283.973527536684; 18198.027970094565; 25129.941822844456
691; 17275.09698253341; 18242.576335885373; 26416.66732883978
692; 17275.09698253341; 18192.371730380804; 25871.836996632104
693; 17266.039226075554; 17994.073177137507; 25353.669706557706
694; 17245.887418542738; 18012.713502396775; 24538.895665658805
695; 17239.29801131779; 17989.19990516294; 27115.08621110685
696; 17215.29801131779; 18001.920412551317; 25069.05208595511
697; 17208.57683191389; 18000.028266127334; 25108.064464676907
698; 16945.741051950612; 18006.347167448275; 26646.265964169845
699; 16929.204927123246; 17990.210412058685; 26648.97193614739
700; 16913.39041438232; 17872.61519684012; 26325.533709718635
701; 16555.920142697378; 17753.96585845738; 26094.497587601218
702; 16508.044369032006; 17601.154267168527; 25567.268811151785
703; 16497.555984445233; 17384.40514153799; 24972.765159987546
704; 16495.6091106076; 17222.575385793272; 25044.16073156435
705; 16489.227446071316; 17229.239289937042; 23676.48971339924
706; 16459.546303572486; 17221.93839970594; 22129.801672521182
707; 16459.546303572486; 17208.179468514336; 24265.157370541394
708; 16446.506734699073; 17213.994163872623; 24113.490431330574
709; 16446.506734699073; 17241.587228734625; 25643.792066806218
710; 16442.902945801306; 17217.852258210172; 26569.93432846768
711; 16422.672072862766; 17229.340229274614; 24751.61163131295
712; 16413.863554960768; 17154.16017178257; 22403.29652705847
713; 16406.635233453104; 17109.562247199417; 22732.049646170333
714; 16375.388406551385; 17161.57463589036; 21625.060785137397
715; 16363.30473606008; 17124.876432439138; 25118.603714971356
716; 16343.049954225638; 17116.884368232062; 22200.648012310667
717; 16339.835273296643; 17079.318603302305; 21713.308755331407
718; 16339.288014206826; 17082.184970079288; 20926.515376874777
719; 16339.288014206826; 17066.98656906406; 20951.216395345502
720; 16315.545743906885; 17046.77728627372; 26583.077940095307
721; 16309.689697350432; 16997.292163353803; 25229.680435057493
722; 16305.057359320113; 16988.412135443046; 20880.012540709286
723; 16298.516306655361; 17039.125897803635; 22110.32045289515
724; 16282.339909206814; 17049.641295563262; 25524.6679639945
725; 16239.34675920526; 17103.66848095724; 25196.36037636223
726; 16218.825930613488; 17064.193302923108; 27940.03213846509
727; 16213.85536786501; 17024.019934887267; 24185.98086466777
728; 16213.85536786501; 16920.474488878244; 22567.1623736802
729; 16210.73447781105; 16845.320062275325; 21511.18236569236
730; 16210.73447781105; 16992.34578397987; 24262.162620068237
731; 16206.20547055436; 16909.01972458707; 23235.890472820436
732; 16131.950487376664; 16911.15469518419; 25504.855421942095
733; 16084.226131754207; 16915.634388354872; 23398.46660033833
734; 16084.226131754207; 16871.781028497015; 23664.129510932828
735; 16084.226131754207; 16784.87148893577; 23696.782016618185
736; 16084.226131754207; 16808.94997674972; 20645.470116796863
737; 16072.216230729147; 16745.539143765982; 20698.304256942596
738; 16065.734052567443; 16812.02437262145; 20692.695741749318
739; 16065.734052567443; 16768.06989662148; 22827.21946853916
740; 16055.245667980671; 16760.4446542349; 24713.170192748777
741; 16046.704615315919; 16808.276382133532; 24172.098009413137
742; 16039.675178064395; 16908.512522099983; 25574.45565277728
743; 16039.675178064395; 16841.765807132248; 24951.274062844277
744; 16037.547528645095; 16746.762436520883; 23729.21190510889
745; 16037.547528645095; 16784.13172855138; 25531.16693131126
746; 16008.645740812874; 16830.30289534409; 26881.63368536885
747; 16005.0752508966; 16823.694793991453; 25551.913878036612
748; 15950.866993483136; 16741.472245935503; 22582.139208549896
749; 15938.978536064164; 16680.2356680403; 24141.31916704313
750; 15935.408046147888; 16749.32640817099; 27464.209382943693
751; 15928.251940571065; 16787.429490136583; 24758.409882238986
752; 15928.251940571065; 16726.182514935186; 24526.486254273725
753; 15928.251940571065; 16598.287023641697; 20514.96206322131
754; 15921.222503319543; 16642.147936802823; 21070.867133658954
755; 15914.19306606802; 16645.108482403448; 22925.663807586217
756; 15901.004831904906; 16633.331522413206; 23269.486493226916
757; 15890.19306606802; 16607.115781299777; 20732.834368424577
758; 15872.03426915643; 16671.625702055888; 23842.457935241655
759; 15852.578655032059; 16664.56415729765; 25680.909731372234
760; 15828.578655032059; 16901.230374264516; 25275.906742481613
761; 15787.994093924577; 16860.10435189874; 24996.670022415048
762; 15750.37914773772; 16959.80095654249; 25265.658850073607
763; 15736.487983445038; 16762.486057673406; 26494.612401949333
764; 15719.359115157951; 16644.52685985782; 25334.537054906596
765; 15695.320108699381; 16813.319637894532; 24839.39329460955
766; 15692.377865157236; 16742.50892115636; 24051.80803300805
767; 15680.573095978752; 16585.48327422489; 24618.318262408924
768; 15657.199227584004; 16495.873636490607; 24336.19130163543
769; 15657.199227584004; 16413.21621700552; 24395.084290842155
770; 15627.23985025392; 16348.487239322372; 20230.80359303113
771; 15621.722028415626; 16414.831103012002; 23877.252969542886
772; 15614.692591164103; 16354.839510665515; 23838.64815384748
773; 15600.017457000256; 16332.220133679826; 21884.96267433517
774; 15600.017457000256; 16315.261937977297; 21635.7222517551
775; 15594.738636404156; 16280.875973317156; 22885.266484985958
776; 15584.250251817384; 16312.990376946937; 24577.31557486508
777; 15582.889670629766; 16342.91557645007; 22152.40921468977
778; 15567.122465446893; 16329.799171587254; 22512.944324764478
779; 15558.581412782141; 16404.604569252773; 24095.19531089573
780; 15553.334468829205; 16366.366606239657; 24051.908825447896
781; 15544.39254603841; 16269.44696492349; 24451.10267077975
782; 15528.874724200115; 16233.479459977507; 24048.614835908345
783; 15513.76542095354; 16334.43772347306; 25315.680712092108
784; 15503.277036366768; 16236.187331599014; 24004.225580355116
785; 15499.818089031518; 16156.219659342334; 22735.485882225574
786; 15499.818089031518; 16247.838555916007; 20121.984795832836
787; 15499.775165808647; 16188.511340360341; 20094.550272669483
788; 15494.847526283042; 16199.152915848448; 23382.608164867874
789; 15484.316218473397; 16260.196938394234; 25110.725016002278
790; 15479.345655724921; 16224.926865104857; 23697.77037409009
791; 15472.316218473397; 16231.485037491677; 22902.68521577972
792; 15472.316218473397; 16251.181181724625; 23586.351494755447
793; 15472.316218473397; 16295.341318824421; 23684.254989694648
794; 15472.316218473397; 16174.74719701989; 23341.659788414894
795; 15472.316218473397; 16093.185625781032; 20031.306387585966
796; 15472.316218473397; 16211.362652106658; 20061.89214958113
797; 15472.316218473397; 16168.152963995779; 20057.02110716663
798; 15470.232039548919; 16189.132223779334; 23727.40599783124
799; 15470.232039548919; 16268.371842774979; 27757.364261485578
800; 15466.71242957563; 16353.89163760143; 25681.82009532721
801; 15465.286781221876; 16318.021421598922; 26740.049954575843
802; 15451.241608755965; 16137.348788226487; 23534.732821910628
803; 15451.241608755965; 16245.243188964347; 26475.5509865291
804; 15451.241608755965; 16226.403722879519; 23760.584839243176
805; 15440.978523374251; 16275.641291315367; 26527.559594710154
806; 15440.174783692282; 16146.677439339499; 23654.321191414874
807; 15437.46212387429; 16117.386599360692; 23540.816330050264
808; 15436.637998644148; 16165.735055638974; 25196.58672360762
809; 15426.717258695364; 16248.395462847464; 23629.981325410714
810; 15421.746695946886; 16277.097623906806; 24088.16055019091
811; 15413.758741354948; 16171.110691186264; 24636.741959290346
812; 15413.758741354948; 16147.809967278243; 21018.99428828128
813; 15394.031326967533; 16098.685881169342; 20034.25019560686
814; 15394.031326967533; 16205.281190162006; 23678.07727091397
815; 15394.031326967533; 16164.355857733237; 27645.979921261795
816; 15389.060764219055; 16068.464184579047; 20914.18811400979
817; 15389.060764219055; 16117.519353713602; 19968.859523435658
818; 15386.11852067691; 16112.49282286485; 20490.406268372237
819; 15386.11852067691; 16095.98344155581; 20029.40960779829
820; 15386.11852067691; 16057.125152885712; 20008.94555759556
821; 15386.11852067691; 16082.313371123197; 19991.18578633415
822; 15386.11852067691; 16090.670711853547; 20243.961363685536
823; 15386.11852067691; 16086.936642837889; 19996.468701818223
824; 15386.11852067691; 16078.906340073941; 23798.431405380863
825; 15386.11852067691; 16118.363803132514; 27593.92120431323
826; 15386.11852067691; 16058.29746996189; 19893.800769025747
827; 15386.11852067691; 16116.355492016917; 19993.842386722736
828; 15383.52274742875; 16126.22956762179; 25120.578603395537
829; 15383.52274742875; 15999.92091295718; 21440.832896978543
830; 15372.408231236726; 16111.598455692096; 21126.63030564671
831; 15372.408231236726; 16096.060964051076; 23553.570938679455
832; 15372.408231236726; 16025.940669747139; 19947.236427704836
833; 15342.578371563313; 16059.1842062417; 19986.51150949694
834; 15342.578371563313; 16174.15621162049; 24462.68795402005
835; 15342.578371563313; 16103.030391923608; 23243.71297487702
836; 15342.578371563313; 16117.015063580158; 20272.07772193124
837; 15342.578371563313; 16059.136950211321; 21226.923870517672
838; 15342.578371563313; 16108.609761427299; 19965.768960621837
839; 15342.578371563313; 16081.684893236888; 27969.600571768373
840; 15342.578371563313; 15991.190458325478; 25083.168351682973
841; 15333.469674260574; 16035.668667735983; 22215.21088940808
842; 15333.469674260574; 16144.528961805083; 24039.289683257077
843; 15333.469674260574; 16292.78220414102; 23879.583637880234
844; 15333.469674260574; 16109.581512044706; 23996.53974286258
845; 14677.49456348639; 16047.963579026677; 22694.509892804428
846; 14677.49456348639; 15972.952768429537; 23071.41127408721
847; 14677.49456348639; 15671.369568192942; 26211.705211877677
848; 14677.49456348639; 15326.998269221338; 22579.757607110598
849; 14677.49456348639; 15356.729659350827; 19307.70307319752
850; 14653.59969244017; 15300.916252239947; 21244.105397186053
851; 14640.127083485511; 15396.63909472443; 23486.04523680398
852; 14640.127083485511; 15433.325534072188; 23107.4711665099
853; 14640.127083485511; 15542.299771112099; 23595.758078231447
854; 14640.127083485511; 15454.485879645688; 23281.583306580007
855; 14640.127083485511; 15329.540290214822; 19232.110237312354
856; 14630.7381660629; 15389.616090065032; 23273.832709475166
857; 14624.255987901193; 15353.544171932233; 19603.933156525443
858; 14624.255987901193; 15415.258353135347; 19239.89072664571
859; 14624.255987901193; 15247.503571652704; 22531.813707655743
860; 14622.943780527805; 15288.619365988137; 19230.893749322604
861; 14621.600780247914; 15267.381617352672; 19595.216166004888
862; 14611.738527266394; 15344.62984647152; 20866.160267900086
863; 14591.88508793975; 15362.012470012865; 23134.65566620563
864; 14586.914525191272; 15427.02755422787; 23272.371558341354
865; 14578.701254158937; 15359.60908334166; 23151.531759594545
866; 14572.967645958342; 15349.819598197731; 22414.512163225823
867; 14567.997083209866; 15306.677801697517; 22027.789485163208
868; 14555.05483966772; 15340.64199042941; 26811.688841386378
869; 14564.30128398894; 15221.775519573046; 22039.687531103762
870; 14564.30128398894; 15272.780498561777; 23601.781474236566
871; 14563.026520461388; 15351.432880932069; 22815.635997127585
872; 14559.330721240462; 15492.576143763104; 22826.671260560703
873; 14559.330721240462; 15439.64162773571; 23494.890380898414
874; 14553.068213511748; 15263.144173864875; 22421.841398168515
875; 14539.497723595472; 15223.412431028062; 23216.962058188747
876; 14539.497723595472; 15303.970473929687; 23061.698678336146
877; 14519.479334047277; 15250.127353528333; 23360.107016887534
878; 14519.479334047277; 15300.555327912958; 23302.999725593298
879; 14505.532002125257; 15349.63745866227; 22958.85266229046
880; 14504.978904052445; 15519.611046097241; 24745.203866204458
881; 14485.544047533316; 15242.751641574167; 24828.138288035476
882; 14484.990949460505; 15265.60779144271; 21020.823447129755
883; 14434.70380855022; 15364.66417462975; 23697.982284454825
884; 14406.803047667658; 15279.886228489715; 23286.533964970386
885; 14401.593483676985; 15182.856180397079; 23860.858856298888
886; 14401.593483676985; 15153.54854433441; 22152.867106431455
887; 14401.593483676985; 15106.226266197527; 19005.724997250112
888; 14401.593483676985; 15116.060029205668; 19015.45639475699
889; 14401.593483676985; 15126.254489712404; 19962.895646576206
890; 14364.116216169574; 15078.501623274358; 18976.41736834138
891; 14364.116216169574; 15142.670664147407; 23083.76774858211
892; 14360.270460075013; 15183.35176501022; 22679.22998253042
893; 14360.270460075013; 15043.516425943419; 22248.17343982656
894; 14360.270460075013; 15085.75050626517; 18970.2734784237
895; 14360.270460075013; 15078.852896982302; 18947.849202963404
896; 14360.270460075013; 15047.256611759116; 21304.100942922094
897; 14360.173093403686; 15060.186810123027; 20495.492649371623
898; 14360.173093403686; 15043.765651836013; 18984.734552124915
899; 14360.173093403686; 15036.907978856112; 18995.712809927074
900; 14360.173093403686; 15062.928831659101; 18995.24193750744
901; 14360.173093403686; 15018.223453250359; 18999.891083377588
902; 14358.661477990458; 15011.564494256216; 19069.485871047094
903; 14342.726627257605; 15015.087282701832; 20995.672563458094
904; 14341.215011844377; 15027.856406304005; 20126.664401112906
905; 14330.191011187508; 15109.905508018015; 19216.663770865187
906; 14330.191011187508; 15035.494786466146; 19762.308583200083
907; 14317.248767645362; 15078.409132192483; 22336.947122170142
908; 14316.742832716838; 15061.802241911473; 25725.94241587263
909; 14281.252023172905; 15080.86728157702; 24355.400809975334
910; 14316.742832716838; 15027.431060366895; 22471.000076194363
911; 14316.742832716838; 15052.235097427716; 20804.400227462298
912; 14316.742832716838; 15025.927836851837; 19988.29918961076
913; 14316.742832716838; 15025.053423988478; 18856.187155115298
914; 14316.742832716838; 14970.268190946552; 24138.79925766988
915; 14316.742832716838; 15002.487661007735; 20514.88494288028
916; 14316.742832716838; 15014.087842228673; 18902.959336823304
917; 14316.742832716838; 15020.97287765883; 19235.807072906162
918; 14316.742832716838; 15081.856215530006; 19298.904501768793
919; 14316.742832716838; 15044.814467511373; 19708.00288951125
920; 14291.956238001445; 15057.694832426047; 22136.003155503906
921; 14291.956238001445; 15011.208324331184; 22020.75898029979
922; 14291.956238001445; 15093.241766054523; 22508.01206152117
923; 14291.956238001445; 15085.41531091089; 27319.117894668238
924; 14291.956238001445; 15159.417605740033; 26475.13193686084
925; 14291.956238001445; 15145.268381794818; 26088.668428077897
926; 14291.648149639415; 15093.402976536037; 27608.408676779698
927; 14281.159765052644; 15051.758651162085; 26235.851843587374
928; 14271.21863955569; 14949.270323633786; 20683.683092079234
929; 14266.248076807213; 15017.56943928216; 20843.40743491072
930; 14265.290886389052; 15020.850574812961; 22904.416952041367
931; 14266.248076807213; 14970.02959624364; 23023.412865373506
932; 14266.248076807213; 14957.91561864749; 18885.261954687077
933; 14266.248076807213; 14932.765339781768; 18904.058187636987
934; 14266.248076807213; 14944.701017117837; 18885.908943706847
935; 14255.13356061519; 14912.325053708168; 19530.490464313458
936; 14255.13356061519; 14942.747602813592; 18861.63073610631
937; 14255.133560615188; 14983.3287768743; 21389.16711294895
938; 14253.565777572623; 14996.604714161256; 18834.606408373053
939; 14207.030753607354; 14963.733322667298; 21547.901740863927
940; 14207.030753607354; 15017.706645824524; 22466.351825518777
941; 14207.030753607354; 15039.320539554368; 22897.266032788182
942; 14207.030753607354; 14913.706490687537; 22831.216986977066
943; 14160.46526580696; 14931.660555856524; 19326.422695052945
944; 14160.46526580696; 14972.506201218488; 22587.689221978762
945; 14160.46526580696; 14888.698227413155; 20998.09890573502
946; 14023.43356126681; 14899.005619438582; 21270.797030615526
947; 14023.43356126681; 14844.220683005648; 18791.281087919873
948; 14023.43356126681; 14770.75556439738; 20339.188786433
949; 14023.43356126681; 14727.568270510608; 22412.51705566911
950; 14023.43356126681; 14748.462813929711; 22750.903738363813
951; 14016.710639362302; 14767.408771342727; 22663.24039736915
952; 14016.710639362302; 14712.653287729785; 20441.710896130706
953; 14016.710639362302; 14685.993848967217; 23853.512471630635
954; 14016.710639362302; 14725.408051062142; 18640.573105001156
955; 14016.173572164396; 14744.148398447789; 19577.168345579597
956; 14009.073373898926; 14723.825022871613; 21285.552809665587
957; 14008.53630670102; 14692.487743414229; 18542.96070576336
958; 14008.53630670102; 14721.8571905124; 20619.54899321464
959; 14008.53630670102; 14706.103987170467; 22880.295292629206
960; 14008.53630670102; 14804.72529041428; 21809.86229084608
961; 14008.53630670102; 14678.055411568306; 22361.585753056628
962; 14008.53630670102; 14693.488665528974; 19259.149254348988
963; 14008.53630670102; 14728.034864789617; 18606.11257683783
964; 14008.53630670102; 14739.579823745498; 22597.405467359145
965; 14008.53630670102; 14691.423665206188; 22712.25573897311
966; 14004.409616952502; 14791.77542492087; 20615.687125686054
967; 14008.53630670102; 14769.1974168787; 22421.106200526214
968; 14008.53630670102; 14711.852330479633; 24959.880249077236
969; 14008.53630670102; 14776.150706972632; 18642.710556878832
970; 14008.53630670102; 14710.900683019818; 21281.512995978337
971; 14008.53630670102; 14715.40489826911; 23997.607061442483
972; 14008.53630670102; 14712.692004985174; 18639.352128813935
973; 14008.289723975222; 14765.839270075838; 22800.30794736643
974; 14008.289723975222; 14684.68252071486; 22232.42159190351
975; 14008.289723975222; 14685.888047723896; 22726.991119265254
976; 13631.54871055663; 14727.492309389747; 22511.127774297704
977; 13630.161434124246; 14653.229798154483; 21057.21173768357
978; 13629.548380419228; 14557.238118323061; 22646.988678503163
979; 13622.843911469374; 14371.089928380701; 22657.643978125572
980; 13622.843911469374; 14362.1528465619; 18222.871449042403
981; 13622.843911469374; 14364.8334664091; 19987.74864394117
982; 13622.843911469374; 14369.080290583364; 18668.90051292493
983; 13622.843911469374; 14360.922993208558; 18242.557443855592
984; 13622.843911469374; 14351.51584527196; 18248.440119817922
985; 13622.789821053064; 14319.42242495547; 18226.43535191353
986; 13622.843911469374; 14342.70925576105; 18246.034500527923
987; 13622.843911469374; 14343.795145936625; 18241.163450580814
988; 13622.843911469374; 14385.960081411082; 18253.659733582288
989; 13619.384964134126; 14334.501703011898; 18476.105624281667
990; 13619.384964134126; 14363.067301678253; 19644.67731137786
991; 13619.384964134126; 14304.923366425866; 18198.023886801348
992; 13619.384964134126; 14345.590215309267; 20346.714812621114
993; 13619.384964134126; 14284.097752725402; 19494.47766933385
994; 13619.384964134126; 14343.31936301673; 18943.630633295616
995; 13619.384964134126; 14269.845117005796; 19597.71760995521
996; 13619.384964134126; 14349.217758004457; 21919.522875582716
997; 13619.384964134126; 14291.962028391272; 18218.839532692393
998; 13619.330873717816; 14275.893524214061; 18229.963211555154
999; 13619.330873717816; 14271.679073262343; 19616.81503640542
1000; 13619.330873717816; 14333.139034113528; 18197.275692846753
1001; 13619.330873717816; 14294.953965904177; 19478.155601149094
1002; 13619.330873717816; 14334.405843695818; 21487.62878930256
1003; 13619.330873717816; 14385.858658575213; 18218.10820661105
1004; 13606.080372328048; 14350.089327311736; 19602.08861839477
1005; 13619.330873717816; 14293.902063101032; 19732.70560288937
1006; 13619.330873717816; 14374.109823825846; 22796.74374330448
1007; 13617.655842019483; 14336.36041546985; 18332.812029809294
1008; 13617.655842019483; 14282.789195670386; 18140.126897924176
1009; 13613.817835966258; 14263.256186144385; 24013.125430313197
1010; 13613.817835966258; 14348.436331773455; 21194.314484814684
1011; 13603.55122747079; 14304.813914789633; 18478.885294085754
1012; 13603.55122747079; 14309.68418862286; 23649.108708961692
1013; 13603.329451379486; 14540.638048556557; 26402.412965621505
1014; 13602.44396757151; 14700.115128321151; 24364.896112883096
1015; 13591.955582984738; 14544.300351651653; 24985.69559963497
1016; 13591.955582984738; 14293.105113513719; 20911.828380637573
1017; 13591.955582984738; 14288.521992641421; 18177.415421187026
1018; 13591.955582984738; 14292.437296355769; 22424.30638421996
1019; 13591.955582984738; 14311.314924220242; 18588.80856463707
1020; 13591.955582984738; 14296.778569934653; 18181.65323055921
1021; 13591.955582984738; 14211.565112554803; 18162.20851418591
1022; 13591.955582984738; 14298.11121235799; 19222.13097974506
1023; 13577.850968436042; 14206.461229767976; 18213.012217719017
1024; 13591.955582984738; 14295.743685207593; 22421.204432446906
1025; 13591.955582984738; 14324.666335867703; 18173.464331721465
1026; 13591.955582984738; 14318.281524792832; 21515.38732544635
1027; 13588.496635649488; 14304.675243407975; 18701.559552772374
1028; 13588.025612897376; 14297.288583447418; 23713.808160150922
1029; 13584.566665562126; 14293.264154080987; 18652.29388112504
1030; 13584.566665562126; 14322.849250448846; 21479.32919662968
1031; 13584.566665562126; 14267.650934431085; 20345.91590705461
1032; 13584.566665562126; 14325.008599841194; 19068.27356168505
1033; 13584.566665562126; 14321.54119531733; 22100.033298927607
1034; 13584.566665562126; 14341.400024792048; 18159.394862030247
1035; 13584.566665562126; 14321.19541825318; 18208.330327222073
1036; 13584.566665562126; 14289.471879691613; 24292.312521411197
1037; 13579.287844966027; 14255.742553171425; 19863.017600345534
1038; 13579.287844966027; 14301.885966665548; 18186.54849017439
1039; 13579.287844966027; 14266.305694227387; 18780.463807705757
1040; 13572.258407714504; 14251.889426609847; 18187.011711011866
1041; 13572.258407714504; 14313.098775109349; 19510.331246818867
1042; 13572.258407714504; 14301.992383005623; 21660.864004777475
1043; 13572.258407714504; 14290.345937856542; 20037.14740142476
1044; 13572.258407714504; 14244.895645497489; 19225.132942418644
1045; 13567.287844966026; 14261.045877019713; 18139.23535226597
1046; 13567.287844966026; 14230.916548274166; 19237.16507675236
1047; 13567.287844966026; 14309.128938584452; 25711.090657626424
1048; 13562.258407714504; 14231.854589235494; 18127.137687520557
1049; 13562.258407714504; 14286.797610860918; 18163.51457426647
1050; 13562.258407714504; 14341.148424496132; 24233.50930222225
1051; 13562.258407714504; 14259.614673868316; 21067.54709361894
1052; 13562.258407714504; 14231.356111136052; 18123.326784984612
1053; 13562.258407714504; 14297.371210766834; 21194.769614733726
1054; 13562.258407714504; 14229.52344953831; 18141.78448915159
1055; 13562.258407714504; 14238.801268476991; 18144.37567468726
1056; 13562.258407714504; 14333.936137022696; 20720.891900487684
1057; 13558.609045282796; 14253.93909629252; 23782.341256287058
1058; 13558.609045282796; 14276.084169179348; 20136.75620431136
1059; 13558.609045282796; 14252.37313837394; 20995.657580537354
1060; 13558.609045282796; 14245.93953544865; 18068.459618482575
1061; 13558.609045282796; 14268.161385085197; 18079.538045299978
1062; 13558.609045282796; 14266.124883196302; 19060.982957446053
1063; 13558.609045282796; 14293.624133472138; 18480.35337788052
1064; 13558.609045282796; 14359.732068919708; 18278.42548682237
1065; 13558.609045282796; 14278.074406210393; 18183.0731373327
1066; 13554.38229617839; 14253.250689336464; 22078.57112783089
1067; 13554.38229617839; 14446.662560866236; 22554.341051178726
1068; 13551.842859724986; 14493.211445951201; 22402.241228528233
1069; 13533.067302286685; 14294.35996398973; 19920.39426705641
1070; 13530.527865833283; 14255.592752905955; 20211.01389652273
1071; 13526.037865035165; 14271.839219077578; 18440.421500313787
1072; 13526.037865035165; 14415.50189886797; 22854.60074749132
1073; 13505.741271117895; 14505.40606420498; 24260.656074492843
1074; 13505.741271117895; 14541.814896119147; 25513.145489230883
1075; 13505.741271117895; 14559.896441295068; 25559.729340393198
1076; 13505.741271117895; 14494.877110865851; 26158.93901767374
1077; 13505.741271117895; 14372.296729169202; 26379.7286978453
1078; 13505.741271117895; 14551.68460338984; 24317.06200411007
1079; 13505.741271117895; 14795.766535566343; 26065.076173936803
1080; 13505.741271117895; 15057.828127860997; 26104.125595664136
1081; 13505.741271117895; 15395.108327962389; 26585.041728112355
1082; 13505.741271117895; 15880.481059697564; 26423.28708013597
1083; 13505.741271117895; 14705.039938557613; 24216.96336575928
1084; 13505.338657109018; 14270.39076950868; 23491.395477891336
1085; 13505.338657109018; 14254.070863024428; 22911.427936671524
1086; 13505.741271117895; 14197.707702494376; 18569.97195241567
1087; 13505.741271117895; 14185.957436231067; 18105.966099260168
1088; 13505.741271117895; 14246.545372439836; 18094.15321465385
1089; 13505.741271117895; 14194.022231359266; 18037.319927626097
1090; 13505.318099763133; 14286.37485478639; 19321.404228862677
1091; 13505.318099763133; 14188.199765520101; 21955.532978171115
1092; 13505.318099763133; 14204.261608939378; 22845.39773053424
1093; 13505.318099763133; 14217.947570131622; 18094.926375099963
1094; 13505.318099763133; 14174.241924755832; 18850.078965928085
1095; 13505.318099763133; 14211.979542182391; 22199.94021353464
1096; 13505.318099763133; 14261.87699942154; 18137.306241629405
1097; 13505.318099763133; 14254.369496608824; 21325.896533771855
1098; 13505.318099763133; 14142.426615465969; 18562.681494495333
1099; 13505.318099763133; 14194.94782154729; 18088.03976517456
1100; 13505.318099763133; 14215.526109635073; 18108.932993436665
1101; 13505.318099763133; 14219.116443708803; 18087.90903187977
1102; 13500.92650547562; 14221.182580073573; 18356.309062233624
1103; 13500.92650547562; 14239.805788071377; 18135.5314874223
1104; 13500.92650547562; 14188.524760386419; 20756.666074296
1105; 13495.88082728855; 14200.218992197737; 19161.15812378351
1106; 13495.88082728855; 14326.736162422578; 21169.196235225027
1107; 13495.88082728855; 14394.970089552171; 21644.515077079905
1108; 13495.88082728855; 14257.671688391938; 23945.516861153454
1109; 13495.88082728855; 14187.568100568571; 21730.358388725825
1110; 13495.88082728855; 14198.664553854167; 18110.729948378696
1111; 13495.88082728855; 14170.823736883412; 19111.231300346164
1112; 13488.851390037027; 14182.07643627544; 18096.105655430827
1113; 13488.851390037027; 14164.657382651294; 21933.877365351487
1114; 13477.764054450292; 14195.488906167031; 19201.35358667757
1115; 13488.727051056183; 14263.289116322183; 21616.77335314858
1116; 13488.727051056183; 14103.657053063473; 18083.16744033373
1117; 13488.727051056183; 14171.188731164639; 18739.363072396303
1118; 13488.727051056183; 14189.728613714287; 18095.85778450673
1119; 13488.727051056183; 14158.260326520405; 19203.854689924665
1120; 13488.727051056183; 14171.479119562639; 18559.307609664786
1121; 13488.727051056183; 14181.26392344284; 18065.292766040555
1122; 13488.727051056183; 14236.963504008949; 18058.79110017385
1123; 13474.22662106135; 14126.039779980994; 18448.22414693297
1124; 13474.22662106135; 14208.856958265947; 22535.808103734144
1125; 13469.256058312874; 14479.374079476647; 24949.70547837296
1126; 13469.256058312874; 14284.51450220388; 22245.88370505664
1127; 13468.931090011205; 14191.953427496712; 21773.877826541546
1128; 13468.931090011205; 14174.32833295788; 23859.729759237394
1129; 13468.931090011205; 14134.823247193173; 25624.09153543846
1130; 13468.931090011205; 14178.032981317676; 18083.717841893096
1131; 13459.670885429232; 14155.329096588743; 19196.148546601096
1132; 13459.670885429232; 14143.58200802102; 18087.480890387007
1133; 13459.670885429232; 14296.977140293633; 24160.883639040625
1134; 13459.670885429232; 14439.164679343348; 24973.84890471616
1135; 13459.670885429232; 14096.81300382976; 18990.84420304232
1136; 13458.612164717431; 14116.045017413157; 18780.037921277908
1137; 13458.612164717431; 14132.33624321795; 18053.49724081289
1138; 13458.612164717431; 14185.903998323443; 25317.665194262565
1139; 13458.502736905282; 14295.03368306033; 22251.57197485512
1140; 13458.502736905282; 14315.53766662202; 23744.67474570274
1141; 13458.502736905282; 14178.972997190389; 21127.987687512363
1142; 13458.502736905282; 14142.07301679117; 18574.749148598676
1143; 13458.502736905282; 14125.680938555419; 18617.614300147456
1144; 13458.502736905282; 14164.27948939814; 23968.597959815415
1145; 13458.502736905282; 14174.010855468194; 21148.172994142813
1146; 13458.502736905282; 14153.715675032363; 18058.727565047564
1147; 13458.502736905282; 14165.7741961812; 18019.12706380357
1148; 13458.502736905282; 14114.270573827507; 18070.080173381648
1149; 13458.502736905282; 14229.482487365494; 18353.95655095688
1150; 13458.502736905282; 14156.219505449782; 18621.596681482763
1151; 13458.502736905282; 14157.226673512128; 17979.62347173012
1152; 13458.502736905282; 14113.723501025412; 19215.20338670238
1153; 13458.502736905282; 14248.547908696903; 22334.792256656445
1154; 13458.502736905282; 14139.750895487452; 23553.17159168058
1155; 13458.502736905282; 14195.450962004012; 20015.08030694987
1156; 13458.502736905282; 14196.454512022168; 18053.05828949709
1157; 13458.502736905282; 14167.079947407188; 18030.922297610607
1158; 13458.502736905282; 14174.986353013684; 17993.541107760127
1159; 13458.502736905282; 14180.417013126644; 18383.523418843302
1160; 13458.502736905282; 14183.82311702017; 18049.012403203178
1161; 13458.502736905282; 14209.755947157058; 22073.597228802704
1162; 13458.502736905282; 14150.706998510836; 19650.60369339542
1163; 13415.948816714246; 14145.073102438531; 18050.778947464805
1164; 13415.948816714246; 14159.098764731156; 17971.59101404025
1165; 13415.948816714246; 14111.562889273755; 18102.40676062859
1166; 13415.948816714246; 14171.33447800269; 20950.774310041026
1167; 13415.948816714246; 14158.886089195761; 20233.297049852383
1168; 13415.948816714246; 14120.043924748858; 19041.20857186447
1169; 13415.948816714246; 14110.959410972988; 18666.87155663601
1170; 13415.948816714246; 14097.198965647429; 17941.396860238146
1171; 13415.948816714246; 14122.085941048284; 22023.938325195493
1172; 13415.948816714246; 14199.788644819659; 18036.42755288006
1173; 13415.948816714246; 14156.138527816582; 18593.19978624329
1174; 13415.948816714246; 14099.601519516153; 19309.21799756863
1175; 13415.948816714246; 14124.845943636512; 18128.778345833878
1176; 13415.948816714246; 14139.42776399445; 18016.17364485651
1177; 13404.002907130556; 14165.014722520307; 20128.331826230973
1178; 13404.002907130556; 14116.19656900235; 19985.227487865264
1179; 13404.002907130556; 14119.68037764414; 17991.533475833876
1180; 13404.002907130556; 14120.235463160483; 18841.791269640198
1181; 13404.002907130556; 14126.516112203779; 23473.95268501896
1182; 13404.002907130556; 14069.896715708177; 22963.19493160072
1183; 13404.002907130556; 14086.92839768362; 18509.260130368646
1184; 13400.543959795308; 14107.279409272487; 18618.676139980827
1185; 13400.543959795308; 14108.40863847963; 19516.22160220687
1186; 13393.514522543785; 14105.133034886112; 18278.79266618922
1187; 13400.543959795308; 14102.044340178942; 22252.36181908474
1188; 13400.543959795308; 14089.529843712171; 18011.314287243767
1189; 13400.543959795308; 14066.569127456956; 18589.853009476214
1190; 13395.351106258682; 14129.009196140962; 18016.751058454993
1191; 13395.351106258682; 14117.806478221542; 18349.11558718607
1192; 13395.351106258682; 14098.553406357078; 18162.48721231756
1193; 13395.351106258682; 14060.54554788811; 17994.128439151966
1194; 13395.351106258682; 14067.893359623176; 18955.820089604233
1195; 13395.351106258682; 14142.382072237362; 19624.854078288157
1196; 13395.351106258682; 14049.209317135674; 17968.516645903797
1197; 13395.351106258682; 14097.595178122223; 18993.90816137229
1198; 13395.351106258682; 14117.478172551675; 17969.431542366558
1199; 13390.71292924537; 14087.892367637412; 17992.074075803008
1200; 13390.71292924537; 14128.037712954952; 23547.88084553386
1201; 13390.71292924537; 14088.26480633941; 22770.046606539243
1202; 13390.71292924537; 14137.547999240798; 18835.090248060067
1203; 13390.71292924537; 14155.209999602986; 21366.46234557275
1204; 13390.71292924537; 14138.780473466242; 18803.969472415443
1205; 13390.71292924537; 14055.82780744794; 17973.138266643837
1206; 13390.71292924537; 14121.064906257232; 21340.336190626294
1207; 13387.332854425556; 14093.133935735512; 17979.12487278132
1208; 13387.332854425556; 14095.843397570905; 18022.226132533084
1209; 13385.248675501125; 14094.724365263748; 21952.994237030452
1210; 13351.336109953143; 14124.600187091932; 22313.22566207147
1211; 13387.332854425556; 14110.725775825018; 22639.969088357877
1212; 13387.332854425556; 14092.912701698828; 18043.33349338908
1213; 13381.875030651208; 14150.135581176075; 21046.429895710553
1214; 13381.875030651208; 14080.272683222309; 22601.398701051763
1215; 13381.472416642328; 14166.438237383642; 25536.45415200966
1216; 13381.875030651208; 14057.24684989746; 18563.03164739535
1217; 13381.875030651208; 14097.751544832341; 17979.953088515023
1218; 13381.875030651208; 14131.207798409723; 17898.069859899864
1219; 13381.875030651208; 14080.618796965427; 21538.026411182786
1220; 13381.875030651208; 14047.253218295265; 18000.888908531135
1221; 13381.875030651208; 14108.614649947984; 18014.50598109054
1222; 13381.875030651208; 14104.234634359209; 17974.329518298335
1223; 13381.875030651208; 14064.907138034301; 18772.564800928933
1224; 13381.875030651208; 14084.25356817961; 22444.32182901296
1225; 13381.875030651208; 14091.192978854364; 21207.963857405524
1226; 13381.875030651208; 14029.383226109952; 17963.5943511813
1227; 13381.875030651208; 14084.408552467155; 19244.372443112337
1228; 13381.875030651208; 14060.399991313783; 18009.949586038176
1229; 13381.875030651208; 14130.787651084009; 24219.118124927074
1230; 13381.875030651208; 14052.183847983557; 17964.573672389637
1231; 13381.875030651208; 14095.21095585524; 21343.851915710828
1232; 13381.875030651208; 14069.534223114339; 18524.36532216966
1233; 13381.875030651208; 14055.255826694618; 17945.940406801423
1234; 13381.875030651208; 14066.235930494711; 21498.35752620799
1235; 13381.875030651208; 14057.13743480212; 22701.384490325672
1236; 13381.875030651208; 14078.56874736727; 17967.988349087496
1237; 13381.875030651208; 14191.150199860806; 18691.208375686925
1238; 13381.875030651208; 14023.873819230457; 18210.966515877277
1239; 13381.875030651208; 14058.264072467184; 17975.16467525731
1240; 13381.875030651208; 14101.749288371437; 17951.583087774914
1241; 13381.875030651208; 14134.701990362357; 26706.31466548029
1242; 13381.875030651208; 14095.78446348787; 17989.598896697098
1243; 13381.875030651208; 14069.072419897191; 22143.823969607685
1244; 13381.875030651208; 14077.761162474328; 18258.48506241022
1245; 13381.875030651208; 14109.224885605621; 17981.037630041064
1246; 13381.875030651208; 14090.018596851003; 17951.583087774914
1247; 13381.875030651208; 14082.953961798576; 17985.26957476277
1248; 13381.875030651208; 14078.756930298041; 17990.583133998716
1249; 13381.875030651208; 14094.722738733462; 20915.599946332994
1250; 13381.875030651208; 14042.262624021007; 18012.72600310953
1251; 13381.875030651208; 14149.233667810266; 21271.47015658638
1252; 13379.042214921212; 14105.160757444175; 24959.74329757517
1253; 13379.042214921212; 14042.553564217535; 17922.126736966293
1254; 13378.0058382227; 14103.379483046901; 21882.70011870222
1255; 13378.0058382227; 14129.999416517081; 22306.805131620087
1256; 13379.042214921212; 14145.925434646251; 21684.096417310648
1257; 13379.042214921212; 14071.682441436105; 22130.49174161848
1258; 13379.042214921212; 14079.360517137557; 17962.507637570405
1259; 13379.042214921212; 14065.522975037838; 18267.905789196506
1260; 13379.042214921212; 14093.923649115412; 17964.532429282637
1261; 13365.081040368672; 14066.48577892129; 17995.992625007904
1262; 13365.081040368672; 14114.805414719352; 18000.103020758754
1263; 13365.081040368672; 14099.84541186846; 19225.370753180814
1264; 13360.954350620194; 14082.97059323799; 20931.609509277103
1265; 13365.081040368672; 14066.651647562405; 17960.463699667853
1266; 13365.081040368672; 14099.49418868691; 18096.98316204145
1267; 13365.081040368672; 14061.527495512391; 17896.955405517183
1268; 13362.996861444242; 14038.758277428044; 18667.69035287292
1269; 13362.996861444242; 14140.786583088175; 21776.324081819177
1270; 13365.081040368672; 14053.260671785509; 17908.399567749704
1271; 13365.081040368672; 14074.646194998017; 21768.894877941362
1272; 13365.081040368672; 14175.12218724865; 21648.06537806858
1273; 13365.081040368672; 14073.154083995314; 20851.725130806648
1274; 13365.081040368672; 14124.067908823374; 17950.629798509453
1275; 13365.081040368672; 14045.473428657102; 19753.07733996436
1276; 13365.081040368672; 14026.40482350561; 17991.04230998652
1277; 13365.081040368672; 14068.007594098752; 21002.019513976436
1278; 13365.081040368672; 14066.810828777368; 17985.444619555652
1279; 13365.081040368672; 14062.626079420234; 17990.67724871727
1280; 13361.433994256508; 14020.181411195757; 17928.992059239645
1281; 13361.433994256508; 14078.119353625938; 18498.09273650169
1282; 13361.433994256508; 14077.56762506061; 20945.347442818296
1283; 13361.433994256508; 14099.60419187754; 23911.50886376265
1284; 13339.498626159262; 14292.468545402055; 24851.476528512456
1285; 13339.498626159262; 14125.454285091286; 21584.43574982152
1286; 13339.498626159262; 14069.906200461064; 17907.639387513438
1287; 13339.498626159262; 14035.264563600824; 18147.403509174255
1288; 13339.498626159262; 14009.241517497137; 19630.822434406862
1289; 13314.10173655603; 14059.857389835704; 19542.243415859008
1290; 13314.10173655603; 14184.851145963125; 23014.481018385482
1291; 13338.462249460754; 14077.824896609283; 24940.364603819686
1292; 13339.498626159262; 14031.986669419965; 23258.786609302682
1293; 13339.498626159262; 14068.190328496758; 18208.969222271146
1294; 13339.498626159262; 14043.715309791438; 17899.935821137384
1295; 13339.498626159262; 14039.409534235261; 17962.688405467998
1296; 13339.498626159262; 14020.467786563324; 17953.361537239318
1297; 13339.498626159262; 14043.478101206692; 17965.09483450787
1298; 13339.498626159262; 14039.130300803292; 20414.31055991594
1299; 13339.498626159262; 14023.178258987291; 17969.514571636628
1300; 13339.498626159262; 14047.589954024583; 17950.83548462171
1301; 13339.498626159262; 14033.945274470181; 18591.48821412518
1302; 13329.01024157249; 14037.923961852011; 18249.76245582791
1303; 13329.01024157249; 14002.66259348625; 19924.41759884826
1304; 13329.01024157249; 14077.214356980649; 25605.499936108543
1305; 13329.01024157249; 14065.830331285171; 18488.289195749414
1306; 13329.01024157249; 13982.573449975791; 19904.91567277332
1307; 13327.97386487398; 14111.84244798292; 21201.26517237873
1308; 13327.97386487398; 14044.532132306736; 25150.58828959902
1309; 13329.01024157249; 14046.072178118922; 17916.04990125088
1310; 13329.01024157249; 13988.600665344944; 20320.723724742136
1311; 13329.01024157249; 14079.896683920997; 21741.366397797345
1312; 13329.01024157249; 14059.867499006567; 18730.39478999529
1313; 13329.01024157249; 13995.382258294347; 21357.254539535574
1314; 13329.01024157249; 14011.756521242849; 17925.24330931022
1315; 13329.01024157249; 14024.006182279716; 17925.715130265788
1316; 13329.01024157249; 14007.086469238046; 21940.055379630277
1317; 13329.01024157249; 14031.97172105553; 17961.641192011823
1318; 13329.01024157249; 14066.97143266275; 17833.70490233968
1319; 13329.01024157249; 14058.6898056061; 22775.419673615655
1320; 13329.01024157249; 13966.551852835117; 17932.625135246013
1321; 13329.01024157249; 14018.627641309145; 18834.231918206922
1322; 13329.01024157249; 14057.185172534155; 17938.562395197525
1323; 13329.01024157249; 14021.183430511972; 17932.342194248376
1324; 13329.01024157249; 14059.107730730368; 22655.863917698895
1325; 13329.01024157249; 14129.38129775808; 20038.636211781533
1326; 13318.521856985719; 14078.929544500368; 21727.487987188506
1327; 13318.521856985719; 14096.716919737819; 22331.127740819746
1328; 13318.521856985719; 14073.361630356836; 21519.609006176626
1329; 13318.521856985719; 14048.42389641135; 19095.192816922172
1330; 13318.521856985719; 14018.876621640145; 17949.7888925296
1331; 13318.521856985719; 14003.214399324599; 18150.600233695546
1332; 13318.521856985719; 13947.972200114973; 18828.366826208654
1333; 13318.521856985719; 14000.384558159423; 17838.974618169254
1334; 13318.521856985719; 13946.85144476715; 17850.390467299057
1335; 13318.521856985719; 14053.19687167179; 18683.001135857034
1336; 13318.521856985719; 14050.744666414661; 20335.784824336737
1337; 13318.521856985719; 14044.420348228281; 18615.13973494332
1338; 13318.521856985719; 14040.605034011136; 18727.86351048601
1339; 13318.521856985719; 14030.33149417324; 18622.329808945542
1340; 13318.521856985719; 14079.043559123536; 17934.571316552203
1341; 13318.521856985719; 14052.487069304083; 17906.958508197717
1342; 13256.560137358123; 14011.08496246517; 18498.549099871318
1343; 13256.560137358123; 14067.505681322195; 22561.44687283612
1344; 13256.560137358123; 14028.985472681203; 24920.51467846425
1345; 13256.560137358123; 14181.928045473722; 25782.23956897611
1346; 13256.560137358123; 14322.116426016999; 23852.643852045763
1347; 13256.560137358123; 14536.125134388456; 25091.513275560836
1348; 13256.560137358123; 14460.009985227636; 25391.652704666783
1349; 13256.560137358123; 14940.423048388213; 26155.178351737428
1350; 13256.560137358123; 15541.00189207533; 26869.172980243762
1351; 13256.560137358123; 14826.895847963095; 25712.89968107673
1352; 13252.238134822897; 14088.128013395717; 25005.65720929018
1353; 13252.238134822897; 14073.867700120843; 23346.128891350883
1354; 13252.238134822897; 14296.421879883334; 25150.607394914114
1355; 13252.238134822897; 14459.580852466015; 26169.725450843926
1356; 13252.238134822897; 14802.852614981599; 26375.846294750685
1357; 13252.238134822897; 15090.542585250372; 25188.011542166343
1358; 13252.238134822897; 15432.798195593166; 25943.744077205
1359; 13211.814831164238; 15018.614734046843; 26044.242493854115
1360; 13211.814831164238; 14001.77241506812; 21953.912845084138
1361; 13211.814831164238; 13966.373617759016; 21228.50504340311
1362; 13211.814831164238; 13971.631874472465; 21809.974041836198
1363; 13211.814831164238; 13927.339443085817; 17768.767069782374
1364; 13208.982015434241; 13963.768822519127; 19835.731481227136
1365; 13205.887077997644; 13938.407778586396; 19941.806749035124
1366; 13208.982015434241; 13867.55931286672; 17837.77694609937
1367; 13208.982015434241; 13888.906963211368; 17810.32672387873
1368; 13208.982015434241; 13882.986179663274; 17781.936070803215
1369; 13208.982015434241; 13924.438586824674; 18658.631495534002
1370; 13208.982015434241; 13953.894706781837; 20057.223737363034
1371; 13208.982015434241; 13884.535225333726; 18842.694732772088
1372; 13208.982015434241; 13921.360631277295; 21968.12204967587
1373; 13208.982015434241; 13968.300781745826; 18674.228086555122
1374; 13208.982015434241; 13933.913375581546; 17839.190525145463
1375; 13205.523068098993; 13852.372542818564; 18186.804790904043
1376; 13205.523068098993; 13943.101649579574; 18528.005753922305
1377; 13205.523068098993; 13842.227769261377; 17732.972203636247
1378; 13205.523068098993; 13894.314165805568; 19908.017852577002
1379; 13205.523068098993; 13905.657943158418; 21483.80161930397
1380; 13205.523068098993; 13892.665101395274; 18414.186053236666
1381; 13205.523068098993; 13896.325187655595; 18910.315051906655
1382; 13205.523068098993; 13930.58926695053; 19244.30808614786
1383; 13159.958395653273; 13834.911779652975; 18565.466616489153
1384; 13159.958395653273; 13877.265326086042; 21912.43488699624
1385; 13159.958395653273; 13937.73306234034; 25274.033317584188
1386; 13159.958395653273; 14040.578863303186; 22196.97768113988
1387; 13159.958395653273; 14173.616129440588; 25165.468338062055
1388; 13159.958395653273; 14017.164786499441; 26083.606086266802
1389; 13159.958395653273; 14082.482553762953; 23015.027288495716
1390; 13159.958395653273; 14036.404989704823; 25221.25749467961
1391; 13205.523068098993; 13954.601840851106; 20632.72713466414
1392; 13205.523068098993; 13926.095663559263; 17833.597623485974
1393; 13205.523068098993; 13896.532842191808; 18492.80589155975
1394; 13205.523068098993; 13983.755359129973; 23970.034240380162
1395; 13205.523068098993; 13977.348767827863; 20504.215372863175
1396; 13205.523068098993; 13921.135021760578; 20112.44425565749
1397; 13205.523068098993; 13888.110110216028; 17825.886647285988
1398; 13205.523068098993; 13909.357021196065; 21021.044684234996
1399; 13205.523068098993; 13900.00350407073; 21945.138559178376
1400; 13205.523068098993; 13903.044445027515; 18085.75905958407
1401; 13205.523068098993; 13944.75617806146; 21763.68878021518
1402; 13205.523068098993; 13955.256828584523; 17792.228009480088
1403; 13205.523068098993; 13918.924341688755; 17760.93428703305
1404; 13205.523068098993; 13932.987051103617; 21027.284277589068
1405; 13205.523068098993; 13955.775326803468; 21295.89805459979
1406; 13205.523068098993; 13917.247701576747; 18391.64548775804
1407; 13205.523068098993; 13894.788879395077; 19618.16471033631
1408; 13205.523068098993; 13935.15006159791; 21918.822318020084
1409; 13205.523068098993; 13894.44908059031; 17805.747896241275
1410; 13205.523068098993; 13912.67047650677; 17736.854915601445
1411; 13205.523068098993; 13869.147499665558; 18331.832183301947
1412; 13205.523068098993; 13930.862256019138; 19640.264047686087
1413; 13205.523068098993; 13981.908323158203; 22071.524504642075
1414; 13205.523068098993; 13939.109164124835; 18758.603522042587
1415; 13205.523068098993; 13941.993688505356; 26104.73116727099
1416; 13205.523068098993; 13933.919114453196; 23359.299290462655
1417; 13205.523068098993; 13936.520761717356; 17784.191310302383
1418; 13205.523068098993; 13848.631065431024; 17802.01934451433
1419; 13205.198099797324; 13922.598377987466; 17760.433102966374
1420; 13205.198099797324; 13919.989722089374; 19150.41470141824
1421; 13205.198099797324; 13955.343568857928; 19910.675970479035
1422; 13205.198099797324; 13817.004847561844; 21263.76164355458
1423; 13205.198099797324; 13927.436838101909; 21536.393383850835
1424; 13205.198099797324; 13909.284148848867; 17855.30983928215
1425; 13205.198099797324; 13859.129638287131; 17842.041785255155
1426; 13205.198099797324; 13902.40477005612; 17776.78728944435
1427; 13205.198099797324; 13876.37205207462; 17773.841518408113
1428; 13205.198099797324; 13886.963448244516; 20529.422524958838
1429; 13203.686484384096; 13921.954078425455; 17775.531353677663
1430; 13203.686484384096; 13909.04780209617; 21242.467305364135
1431; 13203.686484384096; 13903.308155690627; 17846.201339831794
1432; 13203.686484384096; 13944.89363747583; 19318.24325039111
1433; 13203.686484384096; 13932.796769965129; 17802.452790298616
1434; 13203.686484384096; 13849.833290267428; 17765.257371281557
1435; 13203.686484384096; 13930.508363483437; 22193.60231531783
1436; 13203.686484384096; 13907.879941723117; 18421.74658872347
1437; 13196.657047132572; 13936.537547496775; 17770.663428935626
1438; 13196.657047132572; 13951.104392956104; 19077.06431613444
1439; 13196.657047132572; 13886.683834157831; 20172.971835535
1440; 13196.657047132572; 13893.065046343061; 24097.820952011552
1441; 13196.657047132572; 13936.66368477432; 25257.04256315007
1442; 13196.657047132572; 13902.77606654239; 18704.147464947288
1443; 13196.657047132572; 13847.389040251315; 17654.744397252725
1444; 13196.657047132572; 13956.964029672214; 17787.912547870288
1445; 13190.729293965976; 13924.024505259566; 21955.299023642463
1446; 13196.657047132572; 13891.066854958417; 17826.865556843797
1447; 13196.657047132572; 13909.781050983458; 17915.02864444672
1448; 13196.657047132572; 13952.631469541266; 21393.992049438326
1449; 13196.657047132572; 13933.063682431592; 20663.71063319168
1450; 13196.657047132572; 13873.915164131658; 17826.672992609958
1451; 13196.657047132572; 13872.841757542605; 17777.42247259547
1452; 13196.657047132572; 13852.440090166407; 17829.287997571922
1453; 13171.260157529345; 13960.931416046991; 25393.53640011492
1454; 13192.5303573841; 14007.377721154333; 22913.406641569556
1455; 13192.5303573841; 14128.656832285646; 25330.838649464957
1456; 13192.5303573841; 14162.48266090568; 26104.584516394472
1457; 13192.5303573841; 14279.484191663902; 26133.018903916032
1458; 13192.5303573841; 14600.995187087177; 25989.536821965703
1459; 13192.5303573841; 14758.552540161749; 26065.98012563568
1460; 13192.5303573841; 15142.088714120822; 26090.063204658298
1461; 13192.5303573841; 15224.254585986278; 26329.32373196456
1462; 13192.5303573841; 14201.189408392087; 24878.381084532666
1463; 13192.5303573841; 13835.629146962705; 24471.290307531708
1464; 13192.5303573841; 13912.3499134124; 17801.24396330171
1465; 13192.5303573841; 13900.143879833331; 19033.06222008077
1466; 13192.5303573841; 13918.882856396061; 18869.077782376502
1467; 13192.5303573841; 13897.036411221296; 22162.611401019225
1468; 13192.5303573841; 13861.011699128198; 17822.54952047376
1469; 13192.5303573841; 13850.434839863532; 17765.695897029156
1470; 13192.5303573841; 13898.487260640884; 17758.507754191796
1471; 13192.5303573841; 13908.384922414058; 18341.76165931481
1472; 13192.5303573841; 13877.957593011508; 21542.11962846834
1473; 13192.5303573841; 13882.946823370989; 21151.4103419367
1474; 13192.5303573841; 13911.442994533745; 19060.59774538674
1475; 13192.5303573841; 13869.280299922288; 17764.77298102979
1476; 13192.5303573841; 13870.547699050094; 17806.608482572497
1477; 13192.5303573841; 13947.173650880135; 17810.849896495558
1478; 13192.5303573841; 13872.230374998311; 17816.994449434005
1479; 13192.5303573841; 13876.968698872639; 17736.919361509692
1480; 13191.610566496029; 13859.139402252118; 17759.30942044146
1481; 13192.5303573841; 13878.068368667793; 17786.539914735058
1482; 13192.5303573841; 13863.622044344434; 17702.308789258987
1483; 13192.5303573841; 13854.96410493826; 21250.948140357585
1484; 13192.5303573841; 13962.602915457303; 17790.78503290947
1485; 13192.5303573841; 13911.949278869546; 19319.20775571985
1486; 13192.5303573841; 13931.04041342727; 20756.490520951083
1487; 13182.857033412993; 13893.221841610126; 17824.51718628739
1488; 13182.667296570951; 13940.571653521585; 17863.303353252926
1489; 13172.993972599845; 13941.13729528086; 22334.341673486673
1490; 13172.993972599845; 14039.064405540335; 21746.081838845257
1491; 13172.993972599845; 14037.195546238443; 21733.85202969724
1492; 13172.993972599845; 13879.389284311213; 17771.248648125213
1493; 13172.993972599845; 13851.3784363742; 17731.445139047468
1494; 13172.993972599845; 13883.346183322581; 17796.13372581112
1495; 13172.993972599845; 13855.178880612746; 17751.830475617375
1496; 13172.993972599845; 13901.71406417368; 21732.720366048943
1497; 13172.993972599845; 13884.018255920912; 21477.349120208706
1498; 13172.993972599845; 13802.961390250737; 17815.540839524634
1499; 13172.993972599845; 13869.926195392234; 18811.93679815091
1500; 13172.993972599845; 13879.318952040046; 17868.91656928925
